Collection Name,Collection Id,MMS Id,Title,Suppressed From Discovery,Uniform Resource Identifier,Permalink,Rep Label,File Label
Sidetrack Theatre Collection,81284603340002171,99245209220302171,Mesh 1980 6,No,http://hdl.handle.net/1959.14/94012,https://multisearch.mq.edu.au/permalink/61MACQUARIE_INST/1c87tk9/alma99245209220302171,Mesh 1980 6,JPEG 2000 Image
Sidetrack Theatre Collection,81284603340002171,99245209220402171,Loco 12,No,http://hdl.handle.net/1959.14/93881,https://multisearch.mq.edu.au/permalink/61MACQUARIE_INST/1c87tk9/alma99245209220402171,Loco 12,JPEG 2000 Image
Sidetrack Theatre Collection,81284603340002171,99245209220502171,Measure Slide 4,No,http://hdl.handle.net/1959.14/96185,https://multisearch.mq.edu.au/permalink/61MACQUARIE_INST/1c87tk9/alma99245209220502171,Measure Slide 4,JPEG 2000 Image (53)
Sidetrack Theatre Collection,81284603340002171,99245209220602171,Adios Cha Cha Teachers' Kit,No,http://hdl.handle.net/1959.14/15625,https://multisearch.mq.edu.au/permalink/61MACQUARIE_INST/1c87tk9/alma99245209220602171,Adios Cha Cha Teachers' Kit,Teachers' Kit
Sidetrack Theatre Collection,81284603340002171,99245209220702171,Drunken MediaRelease,No,http://hdl.handle.net/1959.14/95784,https://multisearch.mq.edu.au/permalink/61MACQUARIE_INST/1c87tk9/alma99245209220702171,Drunken MediaRelease,Text
Sidetrack Theatre Collection,81284603340002171,99245209220802171,FXDownUnder Teachers Invite,No,http://hdl.handle.net/1959.14/93700,https://multisearch.mq.edu.au/permalink/61MACQUARIE_INST/1c87tk9/alma99245209220802171,FXDownUnder Teachers Invite,Text
Sidetrack Theatre Collection,81284603340002171,99245209220902171,Whispers Photo 3,No,http://hdl.handle.net/1959.14/95301,https://multisearch.mq.edu.au/permalink/61MACQUARIE_INST/1c87tk9/alma99245209220902171,Whispers Photo 3,JPEG 2000 Image
Sidetrack Theatre Collection,81284603340002171,99245209221002171,Woman Enmore Floor Plan,No,http://hdl.handle.net/1959.14/97405,https://multisearch.mq.edu.au/permalink/61MACQUARIE_INST/1c87tk9/alma99245209221002171,Woman Enmore Floor Plan,Other
Sidetrack Theatre Collection,81284603340002171,99245209221102171,Whispers Photo 5,No,http://hdl.handle.net/1959.14/95360,https://multisearch.mq.edu.au/permalink/61MACQUARIE_INST/1c87tk9/alma99245209221102171,Whispers Photo 5,JPEG 2000 Image (52)
Sidetrack Theatre Collection,81284603340002171,99245209221202171,Measure Poster,No,http://hdl.handle.net/1959.14/96065,https://multisearch.mq.edu.au/permalink/61MACQUARIE_INST/1c87tk9/alma99245209221202171,Measure Poster,Other (17)
Sidetrack Theatre Collection,81284603340002171,99245209221302171,Woman Photo 2,No,http://hdl.handle.net/1959.14/97548,https://multisearch.mq.edu.au/permalink/61MACQUARIE_INST/1c87tk9/alma99245209221302171,Woman Photo 2,JPEG 2000 Image (51)
Sidetrack Theatre Collection,81284603340002171,99245209221402171,Loco Booklet,No,http://hdl.handle.net/1959.14/93751,https://multisearch.mq.edu.au/permalink/61MACQUARIE_INST/1c87tk9/alma99245209221402171,Loco Booklet,Text
Sidetrack Theatre Collection,81284603340002171,99245209221502171,DownUnder Poster 1,No,http://hdl.handle.net/1959.14/69491,https://multisearch.mq.edu.au/permalink/61MACQUARIE_INST/1c87tk9/alma99245209221502171,DownUnder Poster 1,Poster
Sidetrack Theatre Collection,81284603340002171,99245209221602171,Mesh 1982 Tour 15,No,http://hdl.handle.net/1959.14/94333,https://multisearch.mq.edu.au/permalink/61MACQUARIE_INST/1c87tk9/alma99245209221602171,Mesh 1982 Tour 15,JPEG 2000 Image (50)
Sidetrack Theatre Collection,81284603340002171,99245209221702171,FXDownUnder Photo 4,No,http://hdl.handle.net/1959.14/93724,https://multisearch.mq.edu.au/permalink/61MACQUARIE_INST/1c87tk9/alma99245209221702171,FXDownUnder Photo 4,JPEG 2000 Image
Sidetrack Theatre Collection,81284603340002171,99245209221802171,Mesh 1980 9,No,http://hdl.handle.net/1959.14/94034,https://multisearch.mq.edu.au/permalink/61MACQUARIE_INST/1c87tk9/alma99245209221802171,Mesh 1980 9,JPEG 2000 Image
Sidetrack Theatre Collection,81284603340002171,99245209221902171,Adios Cha Cha Review,No,http://hdl.handle.net/1959.14/12565,https://multisearch.mq.edu.au/permalink/61MACQUARIE_INST/1c87tk9/alma99245209221902171,Adios Cha Cha Review,Adobe Acrobat PDF
Sidetrack Theatre Collection,81284603340002171,99245209222002171,BookKeeper_2,No,http://hdl.handle.net/1959.14/100389,https://multisearch.mq.edu.au/permalink/61MACQUARIE_INST/1c87tk9/alma99245209222002171,BookKeeper_2,JPEG 2000 Image
Sidetrack Theatre Collection,81284603340002171,99245209222102171,Adios Cha Cha 8,No,http://hdl.handle.net/1959.14/12648,https://multisearch.mq.edu.au/permalink/61MACQUARIE_INST/1c87tk9/alma99245209222102171,Adios Cha Cha 8,JPEG 2000 Image
Sidetrack Theatre Collection,81284603340002171,99245209222202171,Pessoptimist Poster,No,http://hdl.handle.net/1959.14/97351,https://multisearch.mq.edu.au/permalink/61MACQUARIE_INST/1c87tk9/alma99245209222202171,Pessoptimist Poster,Other (16)
Sidetrack Theatre Collection,81284603340002171,99245209222302171,Woman Enmore Poster,No,http://hdl.handle.net/1959.14/97438,https://multisearch.mq.edu.au/permalink/61MACQUARIE_INST/1c87tk9/alma99245209222302171,Woman Enmore Poster,Other
Sidetrack Theatre Collection,81284603340002171,99245209222402171,Heaven 5,No,http://hdl.handle.net/1959.14/99796,https://multisearch.mq.edu.au/permalink/61MACQUARIE_INST/1c87tk9/alma99245209222402171,Heaven 5,JPEG 2000 Image (49)
Sidetrack Theatre Collection,81284603340002171,99245209222502171,Woman Sidetrack Flyer,No,http://hdl.handle.net/1959.14/97500,https://multisearch.mq.edu.au/permalink/61MACQUARIE_INST/1c87tk9/alma99245209222502171,Woman Sidetrack Flyer,Flyer
Sidetrack Theatre Collection,81284603340002171,99245209222602171,Out From Under Poster,No,http://hdl.handle.net/1959.14/94549,https://multisearch.mq.edu.au/permalink/61MACQUARIE_INST/1c87tk9/alma99245209222602171,Out From Under Poster,Poster
Sidetrack Theatre Collection,81284603340002171,99245209222702171,Mesh 1980 4,No,http://hdl.handle.net/1959.14/94006,https://multisearch.mq.edu.au/permalink/61MACQUARIE_INST/1c87tk9/alma99245209222702171,Mesh 1980 4,JPEG 2000 Image
Sidetrack Theatre Collection,81284603340002171,99245209222802171,Woman StudioProgram,No,http://hdl.handle.net/1959.14/97521,https://multisearch.mq.edu.au/permalink/61MACQUARIE_INST/1c87tk9/alma99245209222802171,Woman StudioProgram,Other (15)
Sidetrack Theatre Collection,81284603340002171,99245209222902171,DownUnder 8,No,http://hdl.handle.net/1959.14/93464,https://multisearch.mq.edu.au/permalink/61MACQUARIE_INST/1c87tk9/alma99245209222902171,DownUnder 8,JPEG 2000 Image
Sidetrack Theatre Collection,81284603340002171,99245209223002171,Mesh 1980 1,No,http://hdl.handle.net/1959.14/93985,https://multisearch.mq.edu.au/permalink/61MACQUARIE_INST/1c87tk9/alma99245209223002171,Mesh 1980 1,JPEG 2000 Image
Sidetrack Theatre Collection,81284603340002171,99245209223102171,Heaven Flyer,No,http://hdl.handle.net/1959.14/99808,https://multisearch.mq.edu.au/permalink/61MACQUARIE_INST/1c87tk9/alma99245209223102171,Heaven Flyer,Flyer
Sidetrack Theatre Collection,81284603340002171,99245209223202171,Heaven_SydneyProgram,No,http://hdl.handle.net/1959.14/100350,https://multisearch.mq.edu.au/permalink/61MACQUARIE_INST/1c87tk9/alma99245209223202171,Heaven_SydneyProgram,Other
Sidetrack Theatre Collection,81284603340002171,99245209223302171,Heaven PICA Promo,No,http://hdl.handle.net/1959.14/99811,https://multisearch.mq.edu.au/permalink/61MACQUARIE_INST/1c87tk9/alma99245209223302171,Heaven PICA Promo,Other (14)
Sidetrack Theatre Collection,81284603340002171,99245209223402171,KIN PressKit,No,http://hdl.handle.net/1959.14/94902,https://multisearch.mq.edu.au/permalink/61MACQUARIE_INST/1c87tk9/alma99245209223402171,KIN PressKit,Other
Sidetrack Theatre Collection,81284603340002171,99245209223502171,Woman Sidetrack Invitation,No,http://hdl.handle.net/1959.14/97512,https://multisearch.mq.edu.au/permalink/61MACQUARIE_INST/1c87tk9/alma99245209223502171,Woman Sidetrack Invitation,Other
Sidetrack Theatre Collection,81284603340002171,99245209223602171,Woman Photo 15,No,http://hdl.handle.net/1959.14/97643,https://multisearch.mq.edu.au/permalink/61MACQUARIE_INST/1c87tk9/alma99245209223602171,Woman Photo 15,JPEG 2000 Image (48)
Sidetrack Theatre Collection,81284603340002171,99245209223702171,Woman Photo 10,No,http://hdl.handle.net/1959.14/97608,https://multisearch.mq.edu.au/permalink/61MACQUARIE_INST/1c87tk9/alma99245209223702171,Woman Photo 10,JPEG 2000 Image (47)
Sidetrack Theatre Collection,81284603340002171,99245209223802171,Measure Slide 5,No,http://hdl.handle.net/1959.14/96191,https://multisearch.mq.edu.au/permalink/61MACQUARIE_INST/1c87tk9/alma99245209223802171,Measure Slide 5,JPEG 2000 Image
Sidetrack Theatre Collection,81284603340002171,99245209223902171,Mesh 1982 Tour 16,No,http://hdl.handle.net/1959.14/94336,https://multisearch.mq.edu.au/permalink/61MACQUARIE_INST/1c87tk9/alma99245209223902171,Mesh 1982 Tour 16,JPEG 2000 Image (46)
Sidetrack Theatre Collection,81284603340002171,99245209224002171,Refugee Flyer,No,http://hdl.handle.net/1959.14/94622,https://multisearch.mq.edu.au/permalink/61MACQUARIE_INST/1c87tk9/alma99245209224002171,Refugee Flyer,Flyer (9)
Sidetrack Theatre Collection,81284603340002171,99245209224102171,KIN Photo 16,No,http://hdl.handle.net/1959.14/95489,https://multisearch.mq.edu.au/permalink/61MACQUARIE_INST/1c87tk9/alma99245209224102171,KIN Photo 16,JPEG 2000 Image (45)
Sidetrack Theatre Collection,81284603340002171,99245209224202171,Heaven Slide 18,No,http://hdl.handle.net/1959.14/94858,https://multisearch.mq.edu.au/permalink/61MACQUARIE_INST/1c87tk9/alma99245209224202171,Heaven Slide 18,JPEG 2000 Image
Sidetrack Theatre Collection,81284603340002171,99245209224302171,Measure Info,No,http://hdl.handle.net/1959.14/96035,https://multisearch.mq.edu.au/permalink/61MACQUARIE_INST/1c87tk9/alma99245209224302171,Measure Info,Other (13)
Sidetrack Theatre Collection,81284603340002171,99245209224402171,Adios Cha Cha and Sidetrack's Theatre for the people,No,http://hdl.handle.net/1959.14/15489,https://multisearch.mq.edu.au/permalink/61MACQUARIE_INST/1c87tk9/alma99245209224402171,Adios Cha Cha and Sidetrack's Theatre for the people,Publisher version (open access) (2)
Sidetrack Theatre Collection,81284603340002171,99245209224502171,Adios Cha Cha 2,No,http://hdl.handle.net/1959.14/12569,https://multisearch.mq.edu.au/permalink/61MACQUARIE_INST/1c87tk9/alma99245209224502171,Adios Cha Cha 2,JPEG 2000 Image
Sidetrack Theatre Collection,81284603340002171,99245209224602171,Sawung Diagram 5,No,http://hdl.handle.net/1959.14/96404,https://multisearch.mq.edu.au/permalink/61MACQUARIE_INST/1c87tk9/alma99245209224602171,Sawung Diagram 5,Other
Sidetrack Theatre Collection,81284603340002171,99245209224702171,Mesh 1982 Tour 17,No,http://hdl.handle.net/1959.14/94339,https://multisearch.mq.edu.au/permalink/61MACQUARIE_INST/1c87tk9/alma99245209224702171,Mesh 1982 Tour 17,JPEG 2000 Image
Sidetrack Theatre Collection,81284603340002171,99245209224802171,Mesh 1982 Tour 11,No,http://hdl.handle.net/1959.14/94311,https://multisearch.mq.edu.au/permalink/61MACQUARIE_INST/1c87tk9/alma99245209224802171,Mesh 1982 Tour 11,JPEG 2000 Image (44)
Sidetrack Theatre Collection,81284603340002171,99245209224902171,Mesh 1982 Tour 7,No,http://hdl.handle.net/1959.14/94283,https://multisearch.mq.edu.au/permalink/61MACQUARIE_INST/1c87tk9/alma99245209224902171,Mesh 1982 Tour 7,JPEG 2000 Image
Sidetrack Theatre Collection,81284603340002171,99245209225002171,Woman Photo 24,No,http://hdl.handle.net/1959.14/97713,https://multisearch.mq.edu.au/permalink/61MACQUARIE_INST/1c87tk9/alma99245209225002171,Woman Photo 24,JPEG 2000 Image (43)
Sidetrack Theatre Collection,81284603340002171,99245209225102171,Adios Cha Cha 12,No,http://hdl.handle.net/1959.14/15431,https://multisearch.mq.edu.au/permalink/61MACQUARIE_INST/1c87tk9/alma99245209225102171,Adios Cha Cha 12,JPEG 2000 Image
Sidetrack Theatre Collection,81284603340002171,99245209225202171,Out From Under 3,No,http://hdl.handle.net/1959.14/94579,https://multisearch.mq.edu.au/permalink/61MACQUARIE_INST/1c87tk9/alma99245209225202171,Out From Under 3,JPEG 2000 Image (42)
Sidetrack Theatre Collection,81284603340002171,99245209225302171,Woman Photo 9,No,http://hdl.handle.net/1959.14/97605,https://multisearch.mq.edu.au/permalink/61MACQUARIE_INST/1c87tk9/alma99245209225302171,Woman Photo 9,JPEG 2000 Image
Sidetrack Theatre Collection,81284603340002171,99245209225402171,Woman Photo 13,No,http://hdl.handle.net/1959.14/97634,https://multisearch.mq.edu.au/permalink/61MACQUARIE_INST/1c87tk9/alma99245209225402171,Woman Photo 13,JPEG 2000 Image
Sidetrack Theatre Collection,81284603340002171,99245209225502171,BookKeeper_Postcard,No,http://hdl.handle.net/1959.14/100380,https://multisearch.mq.edu.au/permalink/61MACQUARIE_INST/1c87tk9/alma99245209225502171,BookKeeper_Postcard,Other (12)
Sidetrack Theatre Collection,81284603340002171,99245209225602171,Adios Cha Cha 11,No,http://hdl.handle.net/1959.14/12756,https://multisearch.mq.edu.au/permalink/61MACQUARIE_INST/1c87tk9/alma99245209225602171,Adios Cha Cha 11,JPEG 2000 Image
Sidetrack Theatre Collection,81284603340002171,99245209225702171,Heaven Sydney Promo,No,http://hdl.handle.net/1959.14/99787,https://multisearch.mq.edu.au/permalink/61MACQUARIE_INST/1c87tk9/alma99245209225702171,Heaven Sydney Promo,Other
Sidetrack Theatre Collection,81284603340002171,99245209225802171,Woman Enmore Lighting Cues,No,http://hdl.handle.net/1959.14/97416,https://multisearch.mq.edu.au/permalink/61MACQUARIE_INST/1c87tk9/alma99245209225802171,Woman Enmore Lighting Cues,Other (11)
Sidetrack Theatre Collection,81284603340002171,99245209225902171,Loco 15,No,http://hdl.handle.net/1959.14/93890,https://multisearch.mq.edu.au/permalink/61MACQUARIE_INST/1c87tk9/alma99245209225902171,Loco 15,JPEG 2000 Image
Sidetrack Theatre Collection,81284603340002171,99245209226002171,Whispers Photo 6,No,http://hdl.handle.net/1959.14/95370,https://multisearch.mq.edu.au/permalink/61MACQUARIE_INST/1c87tk9/alma99245209226002171,Whispers Photo 6,JPEG 2000 Image
Sidetrack Theatre Collection,81284603340002171,99245209226102171,Loco 8,No,http://hdl.handle.net/1959.14/93843,https://multisearch.mq.edu.au/permalink/61MACQUARIE_INST/1c87tk9/alma99245209226102171,Loco 8,JPEG 2000 Image
Sidetrack Theatre Collection,81284603340002171,99245209226202171,FXDownUnder Program,No,http://hdl.handle.net/1959.14/93507,https://multisearch.mq.edu.au/permalink/61MACQUARIE_INST/1c87tk9/alma99245209226202171,FXDownUnder Program,Text
Sidetrack Theatre Collection,81284603340002171,99245209226302171,Woman Photo 4,No,http://hdl.handle.net/1959.14/97559,https://multisearch.mq.edu.au/permalink/61MACQUARIE_INST/1c87tk9/alma99245209226302171,Woman Photo 4,JPEG 2000 Image
Sidetrack Theatre Collection,81284603340002171,99245209226402171,Loco 11,No,http://hdl.handle.net/1959.14/93852,https://multisearch.mq.edu.au/permalink/61MACQUARIE_INST/1c87tk9/alma99245209226402171,Loco 11,JPEG 2000 Image
Sidetrack Theatre Collection,81284603340002171,99245209226502171,Mesh 1982 Tour 12,No,http://hdl.handle.net/1959.14/94316,https://multisearch.mq.edu.au/permalink/61MACQUARIE_INST/1c87tk9/alma99245209226502171,Mesh 1982 Tour 12,JPEG 2000 Image
Sidetrack Theatre Collection,81284603340002171,99245209226602171,Adios Cha Cha 4,No,http://hdl.handle.net/1959.14/12611,https://multisearch.mq.edu.au/permalink/61MACQUARIE_INST/1c87tk9/alma99245209226602171,Adios Cha Cha 4,JPEG 2000 Image
Sidetrack Theatre Collection,81284603340002171,99245209226702171,Loco 4,No,http://hdl.handle.net/1959.14/93819,https://multisearch.mq.edu.au/permalink/61MACQUARIE_INST/1c87tk9/alma99245209226702171,Loco 4,JPEG 2000 Image
Sidetrack Theatre Collection,81284603340002171,99245209226802171,Out From Under Script,No,http://hdl.handle.net/1959.14/94560,https://multisearch.mq.edu.au/permalink/61MACQUARIE_INST/1c87tk9/alma99245209226802171,Out From Under Script,Script
Sidetrack Theatre Collection,81284603340002171,99245209226902171,Measure Slide 23,No,http://hdl.handle.net/1959.14/96334,https://multisearch.mq.edu.au/permalink/61MACQUARIE_INST/1c87tk9/alma99245209226902171,Measure Slide 23,JPEG 2000 Image
Sidetrack Theatre Collection,81284603340002171,99245209227002171,Heaven 3,No,http://hdl.handle.net/1959.14/99793,https://multisearch.mq.edu.au/permalink/61MACQUARIE_INST/1c87tk9/alma99245209227002171,Heaven 3,JPEG 2000 Image
Sidetrack Theatre Collection,81284603340002171,99245209227102171,Whispers Press Release2,No,http://hdl.handle.net/1959.14/95220,https://multisearch.mq.edu.au/permalink/61MACQUARIE_INST/1c87tk9/alma99245209227102171,Whispers Press Release2,Press Release
Sidetrack Theatre Collection,81284603340002171,99245209227202171,DownUnder 1,No,http://hdl.handle.net/1959.14/93422,https://multisearch.mq.edu.au/permalink/61MACQUARIE_INST/1c87tk9/alma99245209227202171,DownUnder 1,JPEG 2000 Image
Sidetrack Theatre Collection,81284603340002171,99245209227302171,DownUnder 10,No,http://hdl.handle.net/1959.14/93485,https://multisearch.mq.edu.au/permalink/61MACQUARIE_INST/1c87tk9/alma99245209227302171,DownUnder 10,JPEG 2000 Image
Sidetrack Theatre Collection,81284603340002171,99245209227402171,Woman Enmore Prodn Schedule,No,http://hdl.handle.net/1959.14/97441,https://multisearch.mq.edu.au/permalink/61MACQUARIE_INST/1c87tk9/alma99245209227402171,Woman Enmore Prodn Schedule,Other
Sidetrack Theatre Collection,81284603340002171,99245209227502171,Mesh Script,No,http://hdl.handle.net/1959.14/93960,https://multisearch.mq.edu.au/permalink/61MACQUARIE_INST/1c87tk9/alma99245209227502171,Mesh Script,Script
Sidetrack Theatre Collection,81284603340002171,99245209227602171,Sawung Photo 5,No,http://hdl.handle.net/1959.14/96459,https://multisearch.mq.edu.au/permalink/61MACQUARIE_INST/1c87tk9/alma99245209227602171,Sawung Photo 5,JPEG 2000 Image
Sidetrack Theatre Collection,81284603340002171,99245209227702171,FXDownUnder Flyer,No,http://hdl.handle.net/1959.14/93492,https://multisearch.mq.edu.au/permalink/61MACQUARIE_INST/1c87tk9/alma99245209227702171,FXDownUnder Flyer,Flyer
Sidetrack Theatre Collection,81284603340002171,99245209227802171,Out From Under 4,No,http://hdl.handle.net/1959.14/94588,https://multisearch.mq.edu.au/permalink/61MACQUARIE_INST/1c87tk9/alma99245209227802171,Out From Under 4,JPEG 2000 Image (41)
Sidetrack Theatre Collection,81284603340002171,99245209227902171,DownUnder 4,No,http://hdl.handle.net/1959.14/93441,https://multisearch.mq.edu.au/permalink/61MACQUARIE_INST/1c87tk9/alma99245209227902171,DownUnder 4,JPEG 2000 Image
Sidetrack Theatre Collection,81284603340002171,99245209228002171,Woman Photo 19,No,http://hdl.handle.net/1959.14/97671,https://multisearch.mq.edu.au/permalink/61MACQUARIE_INST/1c87tk9/alma99245209228002171,Woman Photo 19,JPEG 2000 Image (39)
Sidetrack Theatre Collection,81284603340002171,99245209228102171,Pessoptimist MediaPack,No,http://hdl.handle.net/1959.14/97330,https://multisearch.mq.edu.au/permalink/61MACQUARIE_INST/1c87tk9/alma99245209228102171,Pessoptimist MediaPack,Other
Sidetrack Theatre Collection,81284603340002171,99245209228202171,Sawung Photo 4,No,http://hdl.handle.net/1959.14/96439,https://multisearch.mq.edu.au/permalink/61MACQUARIE_INST/1c87tk9/alma99245209228202171,Sawung Photo 4,JPEG 2000 Image (38)
Sidetrack Theatre Collection,81284603340002171,99245209228302171,Adios Cha Cha 7,No,http://hdl.handle.net/1959.14/12640,https://multisearch.mq.edu.au/permalink/61MACQUARIE_INST/1c87tk9/alma99245209228302171,Adios Cha Cha 7,JPEG 2000 Image
Sidetrack Theatre Collection,81284603340002171,99245209228402171,Idol Script,No,http://hdl.handle.net/1959.14/94506,https://multisearch.mq.edu.au/permalink/61MACQUARIE_INST/1c87tk9/alma99245209228402171,Idol Script,Script
Sidetrack Theatre Collection,81284603340002171,99245209228502171,Adios Cha Cha Broadsheet,No,http://hdl.handle.net/1959.14/15653,https://multisearch.mq.edu.au/permalink/61MACQUARIE_INST/1c87tk9/alma99245209228502171,Adios Cha Cha Broadsheet,Broadsheet
Sidetrack Theatre Collection,81284603340002171,99245209228602171,Heaven Slide 17,No,http://hdl.handle.net/1959.14/94852,https://multisearch.mq.edu.au/permalink/61MACQUARIE_INST/1c87tk9/alma99245209228602171,Heaven Slide 17,JPEG 2000 Image (37)
Sidetrack Theatre Collection,81284603340002171,99245209228702171,Heaven 6,No,http://hdl.handle.net/1959.14/99799,https://multisearch.mq.edu.au/permalink/61MACQUARIE_INST/1c87tk9/alma99245209228702171,Heaven 6,JPEG 2000 Image
Sidetrack Theatre Collection,81284603340002171,99245209228802171,Loco Proposal,No,http://hdl.handle.net/1959.14/93770,https://multisearch.mq.edu.au/permalink/61MACQUARIE_INST/1c87tk9/alma99245209228802171,Loco Proposal,Other
Sidetrack Theatre Collection,81284603340002171,99245209228902171,Woman Photo 8,No,http://hdl.handle.net/1959.14/97577,https://multisearch.mq.edu.au/permalink/61MACQUARIE_INST/1c87tk9/alma99245209228902171,Woman Photo 8,JPEG 2000 Image
Sidetrack Theatre Collection,81284603340002171,99245209229002171,Heaven Slide 3,No,http://hdl.handle.net/1959.14/94748,https://multisearch.mq.edu.au/permalink/61MACQUARIE_INST/1c87tk9/alma99245209229002171,Heaven Slide 3,JPEG 2000 Image (36)
Sidetrack Theatre Collection,81284603340002171,99245209229102171,Heaven Slide 15,No,http://hdl.handle.net/1959.14/94846,https://multisearch.mq.edu.au/permalink/61MACQUARIE_INST/1c87tk9/alma99245209229102171,Heaven Slide 15,JPEG 2000 Image
Sidetrack Theatre Collection,81284603340002171,99245209229202171,Mesh 1982 Tour 9,No,http://hdl.handle.net/1959.14/94289,https://multisearch.mq.edu.au/permalink/61MACQUARIE_INST/1c87tk9/alma99245209229202171,Mesh 1982 Tour 9,JPEG 2000 Image
Sidetrack Theatre Collection,81284603340002171,99245209229302171,Measure Slide 16,No,http://hdl.handle.net/1959.14/96279,https://multisearch.mq.edu.au/permalink/61MACQUARIE_INST/1c87tk9/alma99245209229302171,Measure Slide 16,JPEG 2000 Image
Sidetrack Theatre Collection,81284603340002171,99245209229402171,Loco 3,No,http://hdl.handle.net/1959.14/93816,https://multisearch.mq.edu.au/permalink/61MACQUARIE_INST/1c87tk9/alma99245209229402171,Loco 3,JPEG 2000 Image (35)
Sidetrack Theatre Collection,81284603340002171,99245209229502171,Mesh Northern Tour Press Release 1982,No,http://hdl.handle.net/1959.14/93957,https://multisearch.mq.edu.au/permalink/61MACQUARIE_INST/1c87tk9/alma99245209229502171,Mesh Northern Tour Press Release 1982,Other
Sidetrack Theatre Collection,81284603340002171,99245209229602171,DownUnder 2,No,http://hdl.handle.net/1959.14/93425,https://multisearch.mq.edu.au/permalink/61MACQUARIE_INST/1c87tk9/alma99245209229602171,DownUnder 2,JPEG 2000 Image
Sidetrack Theatre Collection,81284603340002171,99245209229702171,Pessoptimist Program,No,http://hdl.handle.net/1959.14/97354,https://multisearch.mq.edu.au/permalink/61MACQUARIE_INST/1c87tk9/alma99245209229702171,Pessoptimist Program,Other
Sidetrack Theatre Collection,81284603340002171,99245209229802171,Measure Info Sheet,No,http://hdl.handle.net/1959.14/96044,https://multisearch.mq.edu.au/permalink/61MACQUARIE_INST/1c87tk9/alma99245209229802171,Measure Info Sheet,Other
Sidetrack Theatre Collection,81284603340002171,99245209229902171,Loco 5,No,http://hdl.handle.net/1959.14/93822,https://multisearch.mq.edu.au/permalink/61MACQUARIE_INST/1c87tk9/alma99245209229902171,Loco 5,JPEG 2000 Image
Sidetrack Theatre Collection,81284603340002171,99245209230002171,Adios Cha Cha Performance Space season flyer,No,http://hdl.handle.net/1959.14/15608,https://multisearch.mq.edu.au/permalink/61MACQUARIE_INST/1c87tk9/alma99245209230002171,Adios Cha Cha Performance Space season flyer,Flyer (8)
Sidetrack Theatre Collection,81284603340002171,99245209230102171,Whispers Press Release 1,No,http://hdl.handle.net/1959.14/95217,https://multisearch.mq.edu.au/permalink/61MACQUARIE_INST/1c87tk9/alma99245209230102171,Whispers Press Release 1,Press Release
Sidetrack Theatre Collection,81284603340002171,99245209230202171,Sawung Brief,No,http://hdl.handle.net/1959.14/96369,https://multisearch.mq.edu.au/permalink/61MACQUARIE_INST/1c87tk9/alma99245209230202171,Sawung Brief,Other
Sidetrack Theatre Collection,81284603340002171,99245209230302171,Loco 14,No,http://hdl.handle.net/1959.14/93887,https://multisearch.mq.edu.au/permalink/61MACQUARIE_INST/1c87tk9/alma99245209230302171,Loco 14,JPEG 2000 Image
Sidetrack Theatre Collection,81284603340002171,99245209230402171,Out From Under Booking Form,No,http://hdl.handle.net/1959.14/94308,https://multisearch.mq.edu.au/permalink/61MACQUARIE_INST/1c87tk9/alma99245209230402171,Out From Under Booking Form,Other
Sidetrack Theatre Collection,81284603340002171,99245209230502171,Drunken Benefit Letter,No,http://hdl.handle.net/1959.14/95755,https://multisearch.mq.edu.au/permalink/61MACQUARIE_INST/1c87tk9/alma99245209230502171,Drunken Benefit Letter,Text
Sidetrack Theatre Collection,81284603340002171,99245209230602171,Woman Enmore Inventory,No,http://hdl.handle.net/1959.14/97413,https://multisearch.mq.edu.au/permalink/61MACQUARIE_INST/1c87tk9/alma99245209230602171,Woman Enmore Inventory,Other (10)
Sidetrack Theatre Collection,81284603340002171,99245209230702171,Adios Cha Cha 10,No,http://hdl.handle.net/1959.14/12667,https://multisearch.mq.edu.au/permalink/61MACQUARIE_INST/1c87tk9/alma99245209230702171,Adios Cha Cha 10,JPEG 2000 Image
Sidetrack Theatre Collection,81284603340002171,99245209230802171,Whispers Teachers Kit,No,http://hdl.handle.net/1959.14/95271,https://multisearch.mq.edu.au/permalink/61MACQUARIE_INST/1c87tk9/alma99245209230802171,Whispers Teachers Kit,Teachers Kit
Sidetrack Theatre Collection,81284603340002171,99245209230902171,Adios Cha Cha 15,No,http://hdl.handle.net/1959.14/15457,https://multisearch.mq.edu.au/permalink/61MACQUARIE_INST/1c87tk9/alma99245209230902171,Adios Cha Cha 15,JPEG 2000 Image
Sidetrack Theatre Collection,81284603340002171,99245209231002171,DownUnder Script,No,http://hdl.handle.net/1959.14/93410,https://multisearch.mq.edu.au/permalink/61MACQUARIE_INST/1c87tk9/alma99245209231002171,DownUnder Script,Script
Sidetrack Theatre Collection,81284603340002171,99245209231102171,Measure Photo 2,No,http://hdl.handle.net/1959.14/96080,https://multisearch.mq.edu.au/permalink/61MACQUARIE_INST/1c87tk9/alma99245209231102171,Measure Photo 2,JPEG 2000 Image
Sidetrack Theatre Collection,81284603340002171,99245209231202171,Heaven Slide 4,No,http://hdl.handle.net/1959.14/94757,https://multisearch.mq.edu.au/permalink/61MACQUARIE_INST/1c87tk9/alma99245209231202171,Heaven Slide 4,JPEG 2000 Image (34)
Sidetrack Theatre Collection,81284603340002171,99245209231302171,Woman StudioFlyer,No,http://hdl.handle.net/1959.14/97518,https://multisearch.mq.edu.au/permalink/61MACQUARIE_INST/1c87tk9/alma99245209231302171,Woman StudioFlyer,Flyer
Sidetrack Theatre Collection,81284603340002171,99245209231402171,Mesh 1982 Tour 1,No,http://hdl.handle.net/1959.14/94037,https://multisearch.mq.edu.au/permalink/61MACQUARIE_INST/1c87tk9/alma99245209231402171,Mesh 1982 Tour 1,JPEG 2000 Image
Sidetrack Theatre Collection,81284603340002171,99245209231502171,Woman Photo 12,No,http://hdl.handle.net/1959.14/97617,https://multisearch.mq.edu.au/permalink/61MACQUARIE_INST/1c87tk9/alma99245209231502171,Woman Photo 12,JPEG 2000 Image
Sidetrack Theatre Collection,81284603340002171,99245209231602171,DownUnder Synopsis,No,http://hdl.handle.net/1959.14/93416,https://multisearch.mq.edu.au/permalink/61MACQUARIE_INST/1c87tk9/alma99245209231602171,DownUnder Synopsis,Text (1)
Sidetrack Theatre Collection,81284603340002171,99245209231702171,KIN Photo 4,No,http://hdl.handle.net/1959.14/95409,https://multisearch.mq.edu.au/permalink/61MACQUARIE_INST/1c87tk9/alma99245209231702171,KIN Photo 4,JPEG 2000 Image
Sidetrack Theatre Collection,81284603340002171,99245209231802171,Mesh 1980 5,No,http://hdl.handle.net/1959.14/94009,https://multisearch.mq.edu.au/permalink/61MACQUARIE_INST/1c87tk9/alma99245209231802171,Mesh 1980 5,JPEG 2000 Image
Sidetrack Theatre Collection,81284603340002171,99245209231902171,Adios Cha Cha 18,No,http://hdl.handle.net/1959.14/15483,https://multisearch.mq.edu.au/permalink/61MACQUARIE_INST/1c87tk9/alma99245209231902171,Adios Cha Cha 18,JPEG 2000 Image
Sidetrack Theatre Collection,81284603340002171,99245209232002171,Heaven PICA Invite,No,http://hdl.handle.net/1959.14/99805,https://multisearch.mq.edu.au/permalink/61MACQUARIE_INST/1c87tk9/alma99245209232002171,Heaven PICA Invite,Other
Sidetrack Theatre Collection,81284603340002171,99245209232102171,Sawung Photo 1,No,http://hdl.handle.net/1959.14/96430,https://multisearch.mq.edu.au/permalink/61MACQUARIE_INST/1c87tk9/alma99245209232102171,Sawung Photo 1,JPEG 2000 Image
Sidetrack Theatre Collection,81284603340002171,99245209232202171,Adios Cha Cha 1,No,http://hdl.handle.net/1959.14/7648,https://multisearch.mq.edu.au/permalink/61MACQUARIE_INST/1c87tk9/alma99245209232202171,Adios Cha Cha 1,JPEG 2000 Image
Sidetrack Theatre Collection,81284603340002171,99245209232302171,Woman Enmore Lighting Plan,No,http://hdl.handle.net/1959.14/97419,https://multisearch.mq.edu.au/permalink/61MACQUARIE_INST/1c87tk9/alma99245209232302171,Woman Enmore Lighting Plan,Other
Sidetrack Theatre Collection,81284603340002171,99245209232402171,Heaven Slide 12,No,http://hdl.handle.net/1959.14/94828,https://multisearch.mq.edu.au/permalink/61MACQUARIE_INST/1c87tk9/alma99245209232402171,Heaven Slide 12,JPEG 2000 Image
Sidetrack Theatre Collection,81284603340002171,99245209232502171,KIN Photo 14,No,http://hdl.handle.net/1959.14/95483,https://multisearch.mq.edu.au/permalink/61MACQUARIE_INST/1c87tk9/alma99245209232502171,KIN Photo 14,JPEG 2000 Image
Sidetrack Theatre Collection,81284603340002171,99245209232602171,DownUnder 5,No,http://hdl.handle.net/1959.14/93444,https://multisearch.mq.edu.au/permalink/61MACQUARIE_INST/1c87tk9/alma99245209232602171,DownUnder 5,JPEG 2000 Image (33)
Sidetrack Theatre Collection,81284603340002171,99245209232702171,KIN Photo 10,No,http://hdl.handle.net/1959.14/95448,https://multisearch.mq.edu.au/permalink/61MACQUARIE_INST/1c87tk9/alma99245209232702171,KIN Photo 10,JPEG 2000 Image
Sidetrack Theatre Collection,81284603340002171,99245209232802171,Whispers Photo 1,No,http://hdl.handle.net/1959.14/95283,https://multisearch.mq.edu.au/permalink/61MACQUARIE_INST/1c87tk9/alma99245209232802171,Whispers Photo 1,JPEG 2000 Image (32)
Sidetrack Theatre Collection,81284603340002171,99245209232902171,KIN Photo 8,No,http://hdl.handle.net/1959.14/95436,https://multisearch.mq.edu.au/permalink/61MACQUARIE_INST/1c87tk9/alma99245209232902171,KIN Photo 8,JPEG 2000 Image
Sidetrack Theatre Collection,81284603340002171,99245209233002171,Out From Under Flyer,No,http://hdl.handle.net/1959.14/94428,https://multisearch.mq.edu.au/permalink/61MACQUARIE_INST/1c87tk9/alma99245209233002171,Out From Under Flyer,Flyer
Sidetrack Theatre Collection,81284603340002171,99245209233102171,Heaven 1,No,http://hdl.handle.net/1959.14/100415,https://multisearch.mq.edu.au/permalink/61MACQUARIE_INST/1c87tk9/alma99245209233102171,Heaven 1,JPEG 2000 Image
Sidetrack Theatre Collection,81284603340002171,99245209233202171,Whispers Flyer,No,http://hdl.handle.net/1959.14/95208,https://multisearch.mq.edu.au/permalink/61MACQUARIE_INST/1c87tk9/alma99245209233202171,Whispers Flyer,Flyer
Sidetrack Theatre Collection,81284603340002171,99245209233302171,Woman Photo 23,No,http://hdl.handle.net/1959.14/97710,https://multisearch.mq.edu.au/permalink/61MACQUARIE_INST/1c87tk9/alma99245209233302171,Woman Photo 23,JPEG 2000 Image
Sidetrack Theatre Collection,81284603340002171,99245209233402171,Adios Cha Cha 17,No,http://hdl.handle.net/1959.14/15473,https://multisearch.mq.edu.au/permalink/61MACQUARIE_INST/1c87tk9/alma99245209233402171,Adios Cha Cha 17,JPEG 2000 Image (31)
Sidetrack Theatre Collection,81284603340002171,99245209233502171,KIN Script,No,http://hdl.handle.net/1959.14/94940,https://multisearch.mq.edu.au/permalink/61MACQUARIE_INST/1c87tk9/alma99245209233502171,KIN Script,Script
Sidetrack Theatre Collection,81284603340002171,99245209233602171,Heaven Slide 19,No,http://hdl.handle.net/1959.14/94861,https://multisearch.mq.edu.au/permalink/61MACQUARIE_INST/1c87tk9/alma99245209233602171,Heaven Slide 19,JPEG 2000 Image
Sidetrack Theatre Collection,81284603340002171,99245209233702171,Heaven_PerthProgram,No,http://hdl.handle.net/1959.14/100356,https://multisearch.mq.edu.au/permalink/61MACQUARIE_INST/1c87tk9/alma99245209233702171,Heaven_PerthProgram,Other
Sidetrack Theatre Collection,81284603340002171,99245209233802171,DownUnder 7,No,http://hdl.handle.net/1959.14/93461,https://multisearch.mq.edu.au/permalink/61MACQUARIE_INST/1c87tk9/alma99245209233802171,DownUnder 7,JPEG 2000 Image (30)
Sidetrack Theatre Collection,81284603340002171,99245209233902171,Adios Cha Cha 14,No,http://hdl.handle.net/1959.14/15447,https://multisearch.mq.edu.au/permalink/61MACQUARIE_INST/1c87tk9/alma99245209233902171,Adios Cha Cha 14,JPEG 2000 Image
Sidetrack Theatre Collection,81284603340002171,99245209234002171,Whispers Photo 2,No,http://hdl.handle.net/1959.14/95290,https://multisearch.mq.edu.au/permalink/61MACQUARIE_INST/1c87tk9/alma99245209234002171,Whispers Photo 2,JPEG 2000 Image
Sidetrack Theatre Collection,81284603340002171,99245209234102171,KIN Photo 12,No,http://hdl.handle.net/1959.14/95454,https://multisearch.mq.edu.au/permalink/61MACQUARIE_INST/1c87tk9/alma99245209234102171,KIN Photo 12,JPEG 2000 Image (29)
Sidetrack Theatre Collection,81284603340002171,99245209234202171,Adios Cha Cha 3,No,http://hdl.handle.net/1959.14/12605,https://multisearch.mq.edu.au/permalink/61MACQUARIE_INST/1c87tk9/alma99245209234202171,Adios Cha Cha 3,JPEG 2000 Image (28)
Sidetrack Theatre Collection,81284603340002171,99245209234302171,Idol Press Summary,No,http://hdl.handle.net/1959.14/94444,https://multisearch.mq.edu.au/permalink/61MACQUARIE_INST/1c87tk9/alma99245209234302171,Idol Press Summary,Other (9)
Sidetrack Theatre Collection,81284603340002171,99245209234402171,KIN Invitation,No,http://hdl.handle.net/1959.14/94896,https://multisearch.mq.edu.au/permalink/61MACQUARIE_INST/1c87tk9/alma99245209234402171,KIN Invitation,Other
Sidetrack Theatre Collection,81284603340002171,99245209234502171,Sawung Diagram 1,No,http://hdl.handle.net/1959.14/96372,https://multisearch.mq.edu.au/permalink/61MACQUARIE_INST/1c87tk9/alma99245209234502171,Sawung Diagram 1,Other
Sidetrack Theatre Collection,81284603340002171,99245209234602171,Measure Slide 9,No,http://hdl.handle.net/1959.14/96229,https://multisearch.mq.edu.au/permalink/61MACQUARIE_INST/1c87tk9/alma99245209234602171,Measure Slide 9,JPEG 2000 Image
Sidetrack Theatre Collection,81284603340002171,99245209234702171,Heaven Slide 5,No,http://hdl.handle.net/1959.14/94774,https://multisearch.mq.edu.au/permalink/61MACQUARIE_INST/1c87tk9/alma99245209234702171,Heaven Slide 5,JPEG 2000 Image
Sidetrack Theatre Collection,81284603340002171,99245209234802171,Woman Photo 5,No,http://hdl.handle.net/1959.14/97565,https://multisearch.mq.edu.au/permalink/61MACQUARIE_INST/1c87tk9/alma99245209234802171,Woman Photo 5,JPEG 2000 Image
Sidetrack Theatre Collection,81284603340002171,99245209234902171,Whispers Photo 4,No,http://hdl.handle.net/1959.14/95293,https://multisearch.mq.edu.au/permalink/61MACQUARIE_INST/1c87tk9/alma99245209234902171,Whispers Photo 4,JPEG 2000 Image
Sidetrack Theatre Collection,81284603340002171,99245209235002171,Woman Photo 18,No,http://hdl.handle.net/1959.14/97665,https://multisearch.mq.edu.au/permalink/61MACQUARIE_INST/1c87tk9/alma99245209235002171,Woman Photo 18,JPEG 2000 Image
Sidetrack Theatre Collection,81284603340002171,99245209235102171,Mesh 1980 8,No,http://hdl.handle.net/1959.14/94030,https://multisearch.mq.edu.au/permalink/61MACQUARIE_INST/1c87tk9/alma99245209235102171,Mesh 1980 8,JPEG 2000 Image
Sidetrack Theatre Collection,81284603340002171,99245209235202171,Whispers Program,No,http://hdl.handle.net/1959.14/95246,https://multisearch.mq.edu.au/permalink/61MACQUARIE_INST/1c87tk9/alma99245209235202171,Whispers Program,Program
Sidetrack Theatre Collection,81284603340002171,99245209235302171,FXDownUnder Photo 1,No,http://hdl.handle.net/1959.14/93715,https://multisearch.mq.edu.au/permalink/61MACQUARIE_INST/1c87tk9/alma99245209235302171,FXDownUnder Photo 1,JPEG 2000 Image
Sidetrack Theatre Collection,81284603340002171,99245209235402171,Drunken Sydney Flyer,No,http://hdl.handle.net/1959.14/95837,https://multisearch.mq.edu.au/permalink/61MACQUARIE_INST/1c87tk9/alma99245209235402171,Drunken Sydney Flyer,Flyer
Sidetrack Theatre Collection,81284603340002171,99245209235502171,Mesh 1980 3,No,http://hdl.handle.net/1959.14/94003,https://multisearch.mq.edu.au/permalink/61MACQUARIE_INST/1c87tk9/alma99245209235502171,Mesh 1980 3,JPEG 2000 Image
Sidetrack Theatre Collection,81284603340002171,99245209235602171,KIN Photo 3,No,http://hdl.handle.net/1959.14/95406,https://multisearch.mq.edu.au/permalink/61MACQUARIE_INST/1c87tk9/alma99245209235602171,KIN Photo 3,JPEG 2000 Image
Sidetrack Theatre Collection,81284603340002171,99245209235702171,Idol Tech Requirements,No,http://hdl.handle.net/1959.14/94524,https://multisearch.mq.edu.au/permalink/61MACQUARIE_INST/1c87tk9/alma99245209235702171,Idol Tech Requirements,Text
Sidetrack Theatre Collection,81284603340002171,99245209235802171,Measure Slide 19,No,http://hdl.handle.net/1959.14/96291,https://multisearch.mq.edu.au/permalink/61MACQUARIE_INST/1c87tk9/alma99245209235802171,Measure Slide 19,JPEG 2000 Image
Sidetrack Theatre Collection,81284603340002171,99245209235902171,Adios Cha Cha 16,No,http://hdl.handle.net/1959.14/15467,https://multisearch.mq.edu.au/permalink/61MACQUARIE_INST/1c87tk9/alma99245209235902171,Adios Cha Cha 16,JPEG 2000 Image (27)
Sidetrack Theatre Collection,81284603340002171,99245209236002171,Out From Under 5,No,http://hdl.handle.net/1959.14/94593,https://multisearch.mq.edu.au/permalink/61MACQUARIE_INST/1c87tk9/alma99245209236002171,Out From Under 5,JPEG 2000 Image
Sidetrack Theatre Collection,81284603340002171,99245209236102171,Adios Cha Cha News Bulletin blank template,No,http://hdl.handle.net/1959.14/15634,https://multisearch.mq.edu.au/permalink/61MACQUARIE_INST/1c87tk9/alma99245209236102171,Adios Cha Cha News Bulletin blank template,News bulletin template
Sidetrack Theatre Collection,81284603340002171,99245209236202171,Sawung Photo 7,No,http://hdl.handle.net/1959.14/96465,https://multisearch.mq.edu.au/permalink/61MACQUARIE_INST/1c87tk9/alma99245209236202171,Sawung Photo 7,JPEG 2000 Image
Sidetrack Theatre Collection,81284603340002171,99245209236302171,Measure Slide 3,No,http://hdl.handle.net/1959.14/96182,https://multisearch.mq.edu.au/permalink/61MACQUARIE_INST/1c87tk9/alma99245209236302171,Measure Slide 3,JPEG 2000 Image
Sidetrack Theatre Collection,81284603340002171,99245209236402171,Measure Photo 4,No,http://hdl.handle.net/1959.14/96106,https://multisearch.mq.edu.au/permalink/61MACQUARIE_INST/1c87tk9/alma99245209236402171,Measure Photo 4,JPEG 2000 Image
Sidetrack Theatre Collection,81284603340002171,99245209236502171,KIN Photo 7,No,http://hdl.handle.net/1959.14/95433,https://multisearch.mq.edu.au/permalink/61MACQUARIE_INST/1c87tk9/alma99245209236502171,KIN Photo 7,JPEG 2000 Image
Sidetrack Theatre Collection,81284603340002171,99245209236602171,Mesh 1980 2,No,http://hdl.handle.net/1959.14/93988,https://multisearch.mq.edu.au/permalink/61MACQUARIE_INST/1c87tk9/alma99245209236602171,Mesh 1980 2,JPEG 2000 Image
Sidetrack Theatre Collection,81284603340002171,99245209236702171,Loco Booking Sheet,No,http://hdl.handle.net/1959.14/93745,https://multisearch.mq.edu.au/permalink/61MACQUARIE_INST/1c87tk9/alma99245209236702171,Loco Booking Sheet,Other (8)
Sidetrack Theatre Collection,81284603340002171,99245209236802171,Mesh SupportPack,No,http://hdl.handle.net/1959.14/93982,https://multisearch.mq.edu.au/permalink/61MACQUARIE_INST/1c87tk9/alma99245209236802171,Mesh SupportPack,Other
Sidetrack Theatre Collection,81284603340002171,99245209236902171,DownUnder Booking Info Sheet,No,http://hdl.handle.net/1959.14/48660,https://multisearch.mq.edu.au/permalink/61MACQUARIE_INST/1c87tk9/alma99245209236902171,DownUnder Booking Info Sheet,Image
Sidetrack Theatre Collection,81284603340002171,99245209237002171,Whispers Script Fragments,No,http://hdl.handle.net/1959.14/95249,https://multisearch.mq.edu.au/permalink/61MACQUARIE_INST/1c87tk9/alma99245209237002171,Whispers Script Fragments,Script Fragment
Sidetrack Theatre Collection,81284603340002171,99245209237102171,Woman Photo 20,No,http://hdl.handle.net/1959.14/97674,https://multisearch.mq.edu.au/permalink/61MACQUARIE_INST/1c87tk9/alma99245209237102171,Woman Photo 20,JPEG 2000 Image
Sidetrack Theatre Collection,81284603340002171,99245209237202171,Idol 2,No,http://hdl.handle.net/1959.14/94530,https://multisearch.mq.edu.au/permalink/61MACQUARIE_INST/1c87tk9/alma99245209237202171,Idol 2,JPEG 2000 Image
Sidetrack Theatre Collection,81284603340002171,99245209237302171,Woman TeachersKit,No,http://hdl.handle.net/1959.14/97524,https://multisearch.mq.edu.au/permalink/61MACQUARIE_INST/1c87tk9/alma99245209237302171,Woman TeachersKit,Teachers Kit
Sidetrack Theatre Collection,81284603340002171,99245209237402171,Measure Slide 20,No,http://hdl.handle.net/1959.14/96325,https://multisearch.mq.edu.au/permalink/61MACQUARIE_INST/1c87tk9/alma99245209237402171,Measure Slide 20,JPEG 2000 Image
Sidetrack Theatre Collection,81284603340002171,99245209237502171,Loco 9,No,http://hdl.handle.net/1959.14/93846,https://multisearch.mq.edu.au/permalink/61MACQUARIE_INST/1c87tk9/alma99245209237502171,Loco 9,JPEG 2000 Image
Sidetrack Theatre Collection,81284603340002171,99245209237602171,Adios Cha Cha 9,No,http://hdl.handle.net/1959.14/12658,https://multisearch.mq.edu.au/permalink/61MACQUARIE_INST/1c87tk9/alma99245209237602171,Adios Cha Cha 9,JPEG 2000 Image
Sidetrack Theatre Collection,81284603340002171,99245209237702171,Mesh Northern Tour Poster1982,No,http://hdl.handle.net/1959.14/93954,https://multisearch.mq.edu.au/permalink/61MACQUARIE_INST/1c87tk9/alma99245209237702171,Mesh Northern Tour Poster1982,Other
Sidetrack Theatre Collection,81284603340002171,99245209237802171,Woman Photo 14,No,http://hdl.handle.net/1959.14/97640,https://multisearch.mq.edu.au/permalink/61MACQUARIE_INST/1c87tk9/alma99245209237802171,Woman Photo 14,JPEG 2000 Image
Sidetrack Theatre Collection,81284603340002171,99245209238002171,KIN Photo 5,No,http://hdl.handle.net/1959.14/95412,https://multisearch.mq.edu.au/permalink/61MACQUARIE_INST/1c87tk9/alma99245209238002171,KIN Photo 5,JPEG 2000 Image
Sidetrack Theatre Collection,81284603340002171,99245209238102171,Mesh 1982 Tour 2,No,http://hdl.handle.net/1959.14/94040,https://multisearch.mq.edu.au/permalink/61MACQUARIE_INST/1c87tk9/alma99245209238102171,Mesh 1982 Tour 2,JPEG 2000 Image
Sidetrack Theatre Collection,81284603340002171,99245209238202171,Sawung Story,No,http://hdl.handle.net/1959.14/96427,https://multisearch.mq.edu.au/permalink/61MACQUARIE_INST/1c87tk9/alma99245209238202171,Sawung Story,Text
Sidetrack Theatre Collection,81284603340002171,99245209238402171,Sawung Diagram 2,No,http://hdl.handle.net/1959.14/96375,https://multisearch.mq.edu.au/permalink/61MACQUARIE_INST/1c87tk9/alma99245209238402171,Sawung Diagram 2,Other
Sidetrack Theatre Collection,81284603340002171,99245209238502171,Measure Slide 22,No,http://hdl.handle.net/1959.14/96331,https://multisearch.mq.edu.au/permalink/61MACQUARIE_INST/1c87tk9/alma99245209238502171,Measure Slide 22,JPEG 2000 Image
Sidetrack Theatre Collection,81284603340002171,99245209238602171,KIN Photo 6,No,http://hdl.handle.net/1959.14/95415,https://multisearch.mq.edu.au/permalink/61MACQUARIE_INST/1c87tk9/alma99245209238602171,KIN Photo 6,JPEG 2000 Image
Sidetrack Theatre Collection,81284603340002171,99245209238802171,DownUnder 9,No,http://hdl.handle.net/1959.14/93470,https://multisearch.mq.edu.au/permalink/61MACQUARIE_INST/1c87tk9/alma99245209238802171,DownUnder 9,JPEG 2000 Image (26)
Sidetrack Theatre Collection,81284603340002171,99245209238902171,KIN Photo 9,No,http://hdl.handle.net/1959.14/95439,https://multisearch.mq.edu.au/permalink/61MACQUARIE_INST/1c87tk9/alma99245209238902171,KIN Photo 9,JPEG 2000 Image
Sidetrack Theatre Collection,81284603340002171,99245209239102171,KIN Side Issue 1,No,http://hdl.handle.net/1959.14/94949,https://multisearch.mq.edu.au/permalink/61MACQUARIE_INST/1c87tk9/alma99245209239102171,KIN Side Issue 1,Other
Sidetrack Theatre Collection,81284603340002171,99245209239202171,Mesh Northern Tour Schedule 1982,No,http://hdl.handle.net/1959.14/93951,https://multisearch.mq.edu.au/permalink/61MACQUARIE_INST/1c87tk9/alma99245209239202171,Mesh Northern Tour Schedule 1982,Other
Sidetrack Theatre Collection,81284603340002171,99245209239302171,Adios Cha Cha,No,http://hdl.handle.net/1959.14/15502,https://multisearch.mq.edu.au/permalink/61MACQUARIE_INST/1c87tk9/alma99245209239302171,Adios Cha Cha,Author version
Sidetrack Theatre Collection,81284603340002171,99245209239502171,Mesh 1982 Tour 6,No,http://hdl.handle.net/1959.14/94280,https://multisearch.mq.edu.au/permalink/61MACQUARIE_INST/1c87tk9/alma99245209239502171,Mesh 1982 Tour 6,JPEG 2000 Image (25)
Sidetrack Theatre Collection,81284603340002171,99245209239602171,Heaven 4,No,http://hdl.handle.net/1959.14/100427,https://multisearch.mq.edu.au/permalink/61MACQUARIE_INST/1c87tk9/alma99245209239602171,Heaven 4,JPEG 2000 Image
Sidetrack Theatre Collection,81284603340002171,99245209239702171,Heaven Slide 8,No,http://hdl.handle.net/1959.14/94801,https://multisearch.mq.edu.au/permalink/61MACQUARIE_INST/1c87tk9/alma99245209239702171,Heaven Slide 8,JPEG 2000 Image
Sidetrack Theatre Collection,81284603340002171,99245209239802171,Measure Photo 1,No,http://hdl.handle.net/1959.14/96074,https://multisearch.mq.edu.au/permalink/61MACQUARIE_INST/1c87tk9/alma99245209239802171,Measure Photo 1,JPEG 2000 Image
Sidetrack Theatre Collection,81284603340002171,99245209239902171,Measure Slide 26,No,http://hdl.handle.net/1959.14/96362,https://multisearch.mq.edu.au/permalink/61MACQUARIE_INST/1c87tk9/alma99245209239902171,Measure Slide 26,JPEG 2000 Image (24)
Sidetrack Theatre Collection,81284603340002171,99245209240002171,Heaven Slide 7,No,http://hdl.handle.net/1959.14/94784,https://multisearch.mq.edu.au/permalink/61MACQUARIE_INST/1c87tk9/alma99245209240002171,Heaven Slide 7,JPEG 2000 Image (23)
Sidetrack Theatre Collection,81284603340002171,99245209240102171,Measure Slide 18,No,http://hdl.handle.net/1959.14/96285,https://multisearch.mq.edu.au/permalink/61MACQUARIE_INST/1c87tk9/alma99245209240102171,Measure Slide 18,JPEG 2000 Image
Sidetrack Theatre Collection,81284603340002171,99245209240202171,Drunken Bios,No,http://hdl.handle.net/1959.14/95758,https://multisearch.mq.edu.au/permalink/61MACQUARIE_INST/1c87tk9/alma99245209240202171,Drunken Bios,Text
Sidetrack Theatre Collection,81284603340002171,99245209319302171,Measure Photo 8,No,http://hdl.handle.net/1959.14/96139,https://multisearch.mq.edu.au/permalink/61MACQUARIE_INST/1c87tk9/alma99245209319302171,Measure Photo 8,JPEG 2000 Image
Sidetrack Theatre Collection,81284603340002171,99245209319402171,Measure Flyer,No,http://hdl.handle.net/1959.14/96032,https://multisearch.mq.edu.au/permalink/61MACQUARIE_INST/1c87tk9/alma99245209319402171,Measure Flyer,Flyer (7)
Sidetrack Theatre Collection,81284603340002171,99245209319502171,BookKeeper_Release,No,http://hdl.handle.net/1959.14/100398,https://multisearch.mq.edu.au/permalink/61MACQUARIE_INST/1c87tk9/alma99245209319502171,BookKeeper_Release,Other
Sidetrack Theatre Collection,81284603340002171,99245209319602171,Whispers Review 2,No,http://hdl.handle.net/1959.14/95243,https://multisearch.mq.edu.au/permalink/61MACQUARIE_INST/1c87tk9/alma99245209319602171,Whispers Review 2,Article (1)
Sidetrack Theatre Collection,81284603340002171,99245209319702171,Measure Photo 5,No,http://hdl.handle.net/1959.14/96112,https://multisearch.mq.edu.au/permalink/61MACQUARIE_INST/1c87tk9/alma99245209319702171,Measure Photo 5,JPEG 2000 Image
Sidetrack Theatre Collection,81284603340002171,99245209319802171,Sawung Diagram 4,No,http://hdl.handle.net/1959.14/96399,https://multisearch.mq.edu.au/permalink/61MACQUARIE_INST/1c87tk9/alma99245209319802171,Sawung Diagram 4,Other
Sidetrack Theatre Collection,81284603340002171,99245209319902171,Idol Alternate Credits,No,http://hdl.handle.net/1959.14/94434,https://multisearch.mq.edu.au/permalink/61MACQUARIE_INST/1c87tk9/alma99245209319902171,Idol Alternate Credits,Other
Sidetrack Theatre Collection,81284603340002171,99245209320002171,KIN Review 6,No,http://hdl.handle.net/1959.14/94934,https://multisearch.mq.edu.au/permalink/61MACQUARIE_INST/1c87tk9/alma99245209320002171,KIN Review 6,Review
Sidetrack Theatre Collection,81284603340002171,99245209320102171,Heaven 8,No,http://hdl.handle.net/1959.14/100365,https://multisearch.mq.edu.au/permalink/61MACQUARIE_INST/1c87tk9/alma99245209320102171,Heaven 8,JPEG 2000 Image
Sidetrack Theatre Collection,81284603340002171,99245209320202171,KIN Poster,No,http://hdl.handle.net/1959.14/94899,https://multisearch.mq.edu.au/permalink/61MACQUARIE_INST/1c87tk9/alma99245209320202171,KIN Poster,Other
Sidetrack Theatre Collection,81284603340002171,99245209320302171,Woman Photo 17,No,http://hdl.handle.net/1959.14/97662,https://multisearch.mq.edu.au/permalink/61MACQUARIE_INST/1c87tk9/alma99245209320302171,Woman Photo 17,JPEG 2000 Image
Sidetrack Theatre Collection,81284603340002171,99245209320402171,Pessoptimist Review 3,No,http://hdl.handle.net/1959.14/97363,https://multisearch.mq.edu.au/permalink/61MACQUARIE_INST/1c87tk9/alma99245209320402171,Pessoptimist Review 3,Pessoptimist_Review3.eps
Sidetrack Theatre Collection,81284603340002171,99245209320602171,Drunken Sydney Program,No,http://hdl.handle.net/1959.14/95840,https://multisearch.mq.edu.au/permalink/61MACQUARIE_INST/1c87tk9/alma99245209320602171,Drunken Sydney Program,Other
Sidetrack Theatre Collection,81284603340002171,99245209320702171,Drunken Sidetrack Statement,No,http://hdl.handle.net/1959.14/95819,https://multisearch.mq.edu.au/permalink/61MACQUARIE_INST/1c87tk9/alma99245209320702171,Drunken Sidetrack Statement,Text
Sidetrack Theatre Collection,81284603340002171,99245209320802171,Whispers Invitation,No,http://hdl.handle.net/1959.14/95214,https://multisearch.mq.edu.au/permalink/61MACQUARIE_INST/1c87tk9/alma99245209320802171,Whispers Invitation,Invitation
Sidetrack Theatre Collection,81284603340002171,99245209320902171,Drunken Article,No,http://hdl.handle.net/1959.14/95743,https://multisearch.mq.edu.au/permalink/61MACQUARIE_INST/1c87tk9/alma99245209320902171,Drunken Article,Review (14)
Sidetrack Theatre Collection,81284603340002171,99245209321002171,Measure Slide 12,No,http://hdl.handle.net/1959.14/96238,https://multisearch.mq.edu.au/permalink/61MACQUARIE_INST/1c87tk9/alma99245209321002171,Measure Slide 12,JPEG 2000 Image
Sidetrack Theatre Collection,81284603340002171,99245209321202171,KIN Teachers Kit,No,http://hdl.handle.net/1959.14/94973,https://multisearch.mq.edu.au/permalink/61MACQUARIE_INST/1c87tk9/alma99245209321202171,KIN Teachers Kit,Teachers Kit
Sidetrack Theatre Collection,81284603340002171,99245209321302171,Measure Technical,No,http://hdl.handle.net/1959.14/96071,https://multisearch.mq.edu.au/permalink/61MACQUARIE_INST/1c87tk9/alma99245209321302171,Measure Technical,Other
Sidetrack Theatre Collection,81284603340002171,99245209321402171,Drunken Promo,No,http://hdl.handle.net/1959.14/95787,https://multisearch.mq.edu.au/permalink/61MACQUARIE_INST/1c87tk9/alma99245209321402171,Drunken Promo,Drunken_Promo.eps
Sidetrack Theatre Collection,81284603340002171,99245209321502171,Loco 7,No,http://hdl.handle.net/1959.14/93837,https://multisearch.mq.edu.au/permalink/61MACQUARIE_INST/1c87tk9/alma99245209321502171,Loco 7,JPEG 2000 Image
Sidetrack Theatre Collection,81284603340002171,99245209321602171,Heaven Review 4,No,http://hdl.handle.net/1959.14/94688,https://multisearch.mq.edu.au/permalink/61MACQUARIE_INST/1c87tk9/alma99245209321602171,Heaven Review 4,Heaven_Review4.eps
Sidetrack Theatre Collection,81284603340002171,99245209321702171,DownUnder Poster 3,No,http://hdl.handle.net/1959.14/71071,https://multisearch.mq.edu.au/permalink/61MACQUARIE_INST/1c87tk9/alma99245209321702171,DownUnder Poster 3,Poster
Sidetrack Theatre Collection,81284603340002171,99245209321802171,Woman Photo 11,No,http://hdl.handle.net/1959.14/97614,https://multisearch.mq.edu.au/permalink/61MACQUARIE_INST/1c87tk9/alma99245209321802171,Woman Photo 11,JPEG 2000 Image
Sidetrack Theatre Collection,81284603340002171,99245209322002171,Woman Photo 7,No,http://hdl.handle.net/1959.14/97574,https://multisearch.mq.edu.au/permalink/61MACQUARIE_INST/1c87tk9/alma99245209322002171,Woman Photo 7,JPEG 2000 Image
Sidetrack Theatre Collection,81284603340002171,99245209322102171,Idol 1,No,http://hdl.handle.net/1959.14/94527,https://multisearch.mq.edu.au/permalink/61MACQUARIE_INST/1c87tk9/alma99245209322102171,Idol 1,JPEG 2000 Image (22)
Sidetrack Theatre Collection,81284603340002171,99245209322302171,Woman Photo 3,No,http://hdl.handle.net/1959.14/97556,https://multisearch.mq.edu.au/permalink/61MACQUARIE_INST/1c87tk9/alma99245209322302171,Woman Photo 3,JPEG 2000 Image
Sidetrack Theatre Collection,81284603340002171,99245209322602171,Mesh 1982 Tour 4,No,http://hdl.handle.net/1959.14/94061,https://multisearch.mq.edu.au/permalink/61MACQUARIE_INST/1c87tk9/alma99245209322602171,Mesh 1982 Tour 4,JPEG 2000 Image
Sidetrack Theatre Collection,81284603340002171,99245209322702171,Woman Script,No,http://hdl.handle.net/1959.14/97497,https://multisearch.mq.edu.au/permalink/61MACQUARIE_INST/1c87tk9/alma99245209322702171,Woman Script,Script
Sidetrack Theatre Collection,81284603340002171,99245209322802171,Measure Slide 6,No,http://hdl.handle.net/1959.14/96194,https://multisearch.mq.edu.au/permalink/61MACQUARIE_INST/1c87tk9/alma99245209322802171,Measure Slide 6,JPEG 2000 Image
Sidetrack Theatre Collection,81284603340002171,99245209322902171,FXDownUnder Review 1,No,http://hdl.handle.net/1959.14/93691,https://multisearch.mq.edu.au/permalink/61MACQUARIE_INST/1c87tk9/alma99245209322902171,FXDownUnder Review 1,Review (13)
Sidetrack Theatre Collection,81284603340002171,99245209323002171,Measure Photo 6,No,http://hdl.handle.net/1959.14/96130,https://multisearch.mq.edu.au/permalink/61MACQUARIE_INST/1c87tk9/alma99245209323002171,Measure Photo 6,JPEG 2000 Image
Sidetrack Theatre Collection,81284603340002171,99245209323102171,Idol Review 7,No,http://hdl.handle.net/1959.14/94483,https://multisearch.mq.edu.au/permalink/61MACQUARIE_INST/1c87tk9/alma99245209323102171,Idol Review 7,Idol_Review7.eps
Sidetrack Theatre Collection,81284603340002171,99245209323202171,Refugee TeachersKit,No,http://hdl.handle.net/1959.14/94754,https://multisearch.mq.edu.au/permalink/61MACQUARIE_INST/1c87tk9/alma99245209323202171,Refugee TeachersKit,Teachers Kit
Sidetrack Theatre Collection,81284603340002171,99245209323302171,Out From Under Fringe Flyer,No,http://hdl.handle.net/1959.14/94533,https://multisearch.mq.edu.au/permalink/61MACQUARIE_INST/1c87tk9/alma99245209323302171,Out From Under Fringe Flyer,Flyer
Sidetrack Theatre Collection,81284603340002171,99245209323502171,Heaven PICA Flyer,No,http://hdl.handle.net/1959.14/99814,https://multisearch.mq.edu.au/permalink/61MACQUARIE_INST/1c87tk9/alma99245209323502171,Heaven PICA Flyer,Flyer
Sidetrack Theatre Collection,81284603340002171,99245209323602171,KIN Review 3,No,http://hdl.handle.net/1959.14/94919,https://multisearch.mq.edu.au/permalink/61MACQUARIE_INST/1c87tk9/alma99245209323602171,KIN Review 3,Review (12)
Sidetrack Theatre Collection,81284603340002171,99245209323702171,Drunken Return Poster,No,http://hdl.handle.net/1959.14/95804,https://multisearch.mq.edu.au/permalink/61MACQUARIE_INST/1c87tk9/alma99245209323702171,Drunken Return Poster,Other (7)
Sidetrack Theatre Collection,81284603340002171,99245209323802171,KIN Side Issue 2,No,http://hdl.handle.net/1959.14/94952,https://multisearch.mq.edu.au/permalink/61MACQUARIE_INST/1c87tk9/alma99245209323802171,KIN Side Issue 2,Other
Sidetrack Theatre Collection,81284603340002171,99245209324002171,Idol Review 10,No,http://hdl.handle.net/1959.14/94503,https://multisearch.mq.edu.au/permalink/61MACQUARIE_INST/1c87tk9/alma99245209324002171,Idol Review 10,Idol_Review10.eps
Sidetrack Theatre Collection,81284603340002171,99245209324102171,Adios Cha Cha 6,No,http://hdl.handle.net/1959.14/12631,https://multisearch.mq.edu.au/permalink/61MACQUARIE_INST/1c87tk9/alma99245209324102171,Adios Cha Cha 6,JPEG 2000 Image
Sidetrack Theatre Collection,81284603340002171,99245209324202171,KIN Photo 17,No,http://hdl.handle.net/1959.14/95492,https://multisearch.mq.edu.au/permalink/61MACQUARIE_INST/1c87tk9/alma99245209324202171,KIN Photo 17,JPEG 2000 Image
Sidetrack Theatre Collection,81284603340002171,99245209324302171,KIN Photo 11,No,http://hdl.handle.net/1959.14/95451,https://multisearch.mq.edu.au/permalink/61MACQUARIE_INST/1c87tk9/alma99245209324302171,KIN Photo 11,JPEG 2000 Image
Sidetrack Theatre Collection,81284603340002171,99245209324502171,Measure 320x240 Melb Edit,No,http://hdl.handle.net/1959.14/100572,https://multisearch.mq.edu.au/permalink/61MACQUARIE_INST/1c87tk9/alma99245209324502171,Measure 320x240 Melb Edit,Quicktime Video
Sidetrack Theatre Collection,81284603340002171,99245209324602171,Drunken AdelaidePoster,No,http://hdl.handle.net/1959.14/95737,https://multisearch.mq.edu.au/permalink/61MACQUARIE_INST/1c87tk9/alma99245209324602171,Drunken AdelaidePoster,Other
Sidetrack Theatre Collection,81284603340002171,99245209324702171,Mesh Leaflet,No,http://hdl.handle.net/1959.14/93934,https://multisearch.mq.edu.au/permalink/61MACQUARIE_INST/1c87tk9/alma99245209324702171,Mesh Leaflet,Text
Sidetrack Theatre Collection,81284603340002171,99245209324802171,Measure Photo 9,No,http://hdl.handle.net/1959.14/96142,https://multisearch.mq.edu.au/permalink/61MACQUARIE_INST/1c87tk9/alma99245209324802171,Measure Photo 9,JPEG 2000 Image (21)
Sidetrack Theatre Collection,81284603340002171,99245209325002171,Heaven Slide 11,No,http://hdl.handle.net/1959.14/94810,https://multisearch.mq.edu.au/permalink/61MACQUARIE_INST/1c87tk9/alma99245209325002171,Heaven Slide 11,JPEG 2000 Image (55)
Sidetrack Theatre Collection,81284603340002171,99245209325102171,Woman Photo 1,No,http://hdl.handle.net/1959.14/97545,https://multisearch.mq.edu.au/permalink/61MACQUARIE_INST/1c87tk9/alma99245209325102171,Woman Photo 1,JPEG 2000 Image
Sidetrack Theatre Collection,81284603340002171,99245209325202171,Refugee Poster,No,http://hdl.handle.net/1959.14/94625,https://multisearch.mq.edu.au/permalink/61MACQUARIE_INST/1c87tk9/alma99245209325202171,Refugee Poster,Poster
Sidetrack Theatre Collection,81284603340002171,99245209325302171,KIN TAU Poster,No,http://hdl.handle.net/1959.14/94955,https://multisearch.mq.edu.au/permalink/61MACQUARIE_INST/1c87tk9/alma99245209325302171,KIN TAU Poster,Other
Sidetrack Theatre Collection,81284603340002171,99245209325402171,Idol Review 2,No,http://hdl.handle.net/1959.14/94453,https://multisearch.mq.edu.au/permalink/61MACQUARIE_INST/1c87tk9/alma99245209325402171,Idol Review 2,Idol_Review2.eps
Sidetrack Theatre Collection,81284603340002171,99245209325502171,Woman Review 2,No,http://hdl.handle.net/1959.14/97465,https://multisearch.mq.edu.au/permalink/61MACQUARIE_INST/1c87tk9/alma99245209325502171,Woman Review 2,Woman_Review2.eps
Sidetrack Theatre Collection,81284603340002171,99245209325602171,DownUnder 3,No,http://hdl.handle.net/1959.14/93435,https://multisearch.mq.edu.au/permalink/61MACQUARIE_INST/1c87tk9/alma99245209325602171,DownUnder 3,JPEG 2000 Image
Sidetrack Theatre Collection,81284603340002171,99245209325702171,Sawung Diagram 3,No,http://hdl.handle.net/1959.14/96378,https://multisearch.mq.edu.au/permalink/61MACQUARIE_INST/1c87tk9/alma99245209325702171,Sawung Diagram 3,Other
Sidetrack Theatre Collection,81284603340002171,99245209325802171,BookKeeper_Carnivale,No,http://hdl.handle.net/1959.14/100392,https://multisearch.mq.edu.au/permalink/61MACQUARIE_INST/1c87tk9/alma99245209325802171,BookKeeper_Carnivale,Other
Sidetrack Theatre Collection,81284603340002171,99245209325902171,Pessoptimist Act 2 320x240Edit,No,http://hdl.handle.net/1959.14/100540,https://multisearch.mq.edu.au/permalink/61MACQUARIE_INST/1c87tk9/alma99245209325902171,Pessoptimist Act 2 320x240Edit,Quicktime Video
Sidetrack Theatre Collection,81284603340002171,99245209326002171,Heaven Overview,No,http://hdl.handle.net/1959.14/99802,https://multisearch.mq.edu.au/permalink/61MACQUARIE_INST/1c87tk9/alma99245209326002171,Heaven Overview,Text
Sidetrack Theatre Collection,81284603340002171,99245209326202171,Out From Under 2,No,http://hdl.handle.net/1959.14/94576,https://multisearch.mq.edu.au/permalink/61MACQUARIE_INST/1c87tk9/alma99245209326202171,Out From Under 2,JPEG 2000 Image
Sidetrack Theatre Collection,81284603340002171,99245209326302171,Measure Slide 13,No,http://hdl.handle.net/1959.14/96244,https://multisearch.mq.edu.au/permalink/61MACQUARIE_INST/1c87tk9/alma99245209326302171,Measure Slide 13,JPEG 2000 Image (20)
Sidetrack Theatre Collection,81284603340002171,99245209326402171,KIN Review 4,No,http://hdl.handle.net/1959.14/94922,https://multisearch.mq.edu.au/permalink/61MACQUARIE_INST/1c87tk9/alma99245209326402171,KIN Review 4,Review (11)
Sidetrack Theatre Collection,81284603340002171,99245209326502171,Loco ChulloraMap,No,http://hdl.handle.net/1959.14/93765,https://multisearch.mq.edu.au/permalink/61MACQUARIE_INST/1c87tk9/alma99245209326502171,Loco ChulloraMap,Other (6)
Sidetrack Theatre Collection,81284603340002171,99245209326602171,Heaven Review 5,No,http://hdl.handle.net/1959.14/94646,https://multisearch.mq.edu.au/permalink/61MACQUARIE_INST/1c87tk9/alma99245209326602171,Heaven Review 5,Heaven_Review5.eps
Sidetrack Theatre Collection,81284603340002171,99245209326702171,Adios Cha Cha Colour Flyer,No,http://hdl.handle.net/1959.14/15590,https://multisearch.mq.edu.au/permalink/61MACQUARIE_INST/1c87tk9/alma99245209326702171,Adios Cha Cha Colour Flyer,Flyer
Sidetrack Theatre Collection,81284603340002171,99245209326802171,Loco 13,No,http://hdl.handle.net/1959.14/93884,https://multisearch.mq.edu.au/permalink/61MACQUARIE_INST/1c87tk9/alma99245209326802171,Loco 13,JPEG 2000 Image
Sidetrack Theatre Collection,81284603340002171,99245209326902171,Pessoptimist Review 1,No,http://hdl.handle.net/1959.14/97357,https://multisearch.mq.edu.au/permalink/61MACQUARIE_INST/1c87tk9/alma99245209326902171,Pessoptimist Review 1,Pessoptimist_Review2.eps (1)
Sidetrack Theatre Collection,81284603340002171,99245209327102171,Mesh Spanish Flyer,No,http://hdl.handle.net/1959.14/93931,https://multisearch.mq.edu.au/permalink/61MACQUARIE_INST/1c87tk9/alma99245209327102171,Mesh Spanish Flyer,Flyer (6)
Sidetrack Theatre Collection,81284603340002171,99245209327202171,Adios Cha Cha 13,No,http://hdl.handle.net/1959.14/15439,https://multisearch.mq.edu.au/permalink/61MACQUARIE_INST/1c87tk9/alma99245209327202171,Adios Cha Cha 13,JPEG 2000 Image
Sidetrack Theatre Collection,81284603340002171,99245209327302171,Sawung Photo 9,No,http://hdl.handle.net/1959.14/96471,https://multisearch.mq.edu.au/permalink/61MACQUARIE_INST/1c87tk9/alma99245209327302171,Sawung Photo 9,JPEG 2000 Image
Sidetrack Theatre Collection,81284603340002171,99245209327402171,Idol Review 8,No,http://hdl.handle.net/1959.14/94497,https://multisearch.mq.edu.au/permalink/61MACQUARIE_INST/1c87tk9/alma99245209327402171,Idol Review 8,Idol_Review8.eps
Sidetrack Theatre Collection,81284603340002171,99245209327502171,KIN 320x240 DocoEdit,No,http://hdl.handle.net/1959.14/100534,https://multisearch.mq.edu.au/permalink/61MACQUARIE_INST/1c87tk9/alma99245209327502171,KIN 320x240 DocoEdit,KIN 320x240 DocoEdit
Sidetrack Theatre Collection,81284603340002171,99245209327602171,Whispers Article,No,http://hdl.handle.net/1959.14/95211,https://multisearch.mq.edu.au/permalink/61MACQUARIE_INST/1c87tk9/alma99245209327602171,Whispers Article,Article
Sidetrack Theatre Collection,81284603340002171,99245209327702171,Measure Slide 1,No,http://hdl.handle.net/1959.14/96145,https://multisearch.mq.edu.au/permalink/61MACQUARIE_INST/1c87tk9/alma99245209327702171,Measure Slide 1,JPEG 2000 Image
Sidetrack Theatre Collection,81284603340002171,99245209327802171,Adios Cha Cha Canberra Tour Poster,No,http://hdl.handle.net/1959.14/12556,https://multisearch.mq.edu.au/permalink/61MACQUARIE_INST/1c87tk9/alma99245209327802171,Adios Cha Cha Canberra Tour Poster,Adobe Acrobat PDF
Sidetrack Theatre Collection,81284603340002171,99245209327902171,BookKeeper Review 2,No,http://hdl.handle.net/1959.14/48634,https://multisearch.mq.edu.au/permalink/61MACQUARIE_INST/1c87tk9/alma99245209327902171,BookKeeper Review 2,Review article (2)
Sidetrack Theatre Collection,81284603340002171,99245209328002171,BookKeeper Review 3,No,http://hdl.handle.net/1959.14/48645,https://multisearch.mq.edu.au/permalink/61MACQUARIE_INST/1c87tk9/alma99245209328002171,BookKeeper Review 3,Review article (1)
Sidetrack Theatre Collection,81284603340002171,99245209328102171,Sawung Photo 2,No,http://hdl.handle.net/1959.14/96433,https://multisearch.mq.edu.au/permalink/61MACQUARIE_INST/1c87tk9/alma99245209328102171,Sawung Photo 2,JPEG 2000 Image
Sidetrack Theatre Collection,81284603340002171,99245209328202171,Out From Under Broadsheet,No,http://hdl.handle.net/1959.14/94415,https://multisearch.mq.edu.au/permalink/61MACQUARIE_INST/1c87tk9/alma99245209328202171,Out From Under Broadsheet,Other
Sidetrack Theatre Collection,81284603340002171,99245209328302171,Adios Cha Cha Melbourne tour invitation,No,http://hdl.handle.net/1959.14/15616,https://multisearch.mq.edu.au/permalink/61MACQUARIE_INST/1c87tk9/alma99245209328302171,Adios Cha Cha Melbourne tour invitation,Invitation
Sidetrack Theatre Collection,81284603340002171,99245209328402171,Idol Review 5,No,http://hdl.handle.net/1959.14/94477,https://multisearch.mq.edu.au/permalink/61MACQUARIE_INST/1c87tk9/alma99245209328402171,Idol Review 5,Idol_Review5.eps
Sidetrack Theatre Collection,81284603340002171,99245209328502171,BookKeeper Review 1,No,http://hdl.handle.net/1959.14/48626,https://multisearch.mq.edu.au/permalink/61MACQUARIE_INST/1c87tk9/alma99245209328502171,BookKeeper Review 1,Review article
Sidetrack Theatre Collection,81284603340002171,99245209328602171,DownUnder Poster 2,No,http://hdl.handle.net/1959.14/70992,https://multisearch.mq.edu.au/permalink/61MACQUARIE_INST/1c87tk9/alma99245209328602171,DownUnder Poster 2,Poster
Sidetrack Theatre Collection,81284603340002171,99245209328702171,Sawung Postcard,No,http://hdl.handle.net/1959.14/96407,https://multisearch.mq.edu.au/permalink/61MACQUARIE_INST/1c87tk9/alma99245209328702171,Sawung Postcard,Other (5)
Sidetrack Theatre Collection,81284603340002171,99245209328802171,Measure Slide 17,No,http://hdl.handle.net/1959.14/96282,https://multisearch.mq.edu.au/permalink/61MACQUARIE_INST/1c87tk9/alma99245209328802171,Measure Slide 17,JPEG 2000 Image
Sidetrack Theatre Collection,81284603340002171,99245209328902171,Woman Review 3,No,http://hdl.handle.net/1959.14/97468,https://multisearch.mq.edu.au/permalink/61MACQUARIE_INST/1c87tk9/alma99245209328902171,Woman Review 3,Woman_Review3.eps
Sidetrack Theatre Collection,81284603340002171,99245209329002171,Pessoptimist Review 5,No,http://hdl.handle.net/1959.14/97383,https://multisearch.mq.edu.au/permalink/61MACQUARIE_INST/1c87tk9/alma99245209329002171,Pessoptimist Review 5,Pessoptimist_Review5.eps
Sidetrack Theatre Collection,81284603340002171,99245209329102171,Drunken Return Flyer,No,http://hdl.handle.net/1959.14/95790,https://multisearch.mq.edu.au/permalink/61MACQUARIE_INST/1c87tk9/alma99245209329102171,Drunken Return Flyer,Flyer
Sidetrack Theatre Collection,81284603340002171,99245209329202171,Refugee Script,No,http://hdl.handle.net/1959.14/94694,https://multisearch.mq.edu.au/permalink/61MACQUARIE_INST/1c87tk9/alma99245209329202171,Refugee Script,Script
Sidetrack Theatre Collection,81284603340002171,99245209329302171,Loco 1,No,http://hdl.handle.net/1959.14/93792,https://multisearch.mq.edu.au/permalink/61MACQUARIE_INST/1c87tk9/alma99245209329302171,Loco 1,JPEG 2000 Image
Sidetrack Theatre Collection,81284603340002171,99245209329402171,Heaven Review 1,No,http://hdl.handle.net/1959.14/94640,https://multisearch.mq.edu.au/permalink/61MACQUARIE_INST/1c87tk9/alma99245209329402171,Heaven Review 1,Review (10)
Sidetrack Theatre Collection,81284603340002171,99245209329602171,FXDownUnder Photo 2,No,http://hdl.handle.net/1959.14/93718,https://multisearch.mq.edu.au/permalink/61MACQUARIE_INST/1c87tk9/alma99245209329602171,FXDownUnder Photo 2,JPEG 2000 Image (19)
Sidetrack Theatre Collection,81284603340002171,99245209329702171,Adios Cha Cha Script,No,http://hdl.handle.net/1959.14/15661,https://multisearch.mq.edu.au/permalink/61MACQUARIE_INST/1c87tk9/alma99245209329702171,Adios Cha Cha Script,Playscript
Sidetrack Theatre Collection,81284603340002171,99245209329802171,Pessoptimist Postcard,No,http://hdl.handle.net/1959.14/97336,https://multisearch.mq.edu.au/permalink/61MACQUARIE_INST/1c87tk9/alma99245209329802171,Pessoptimist Postcard,Other (4)
Sidetrack Theatre Collection,81284603340002171,99245209329902171,FXDownUnder Review 3,No,http://hdl.handle.net/1959.14/93697,https://multisearch.mq.edu.au/permalink/61MACQUARIE_INST/1c87tk9/alma99245209329902171,FXDownUnder Review 3,Review (9)
Sidetrack Theatre Collection,81284603340002171,99245209330102171,KIN Photo 13,No,http://hdl.handle.net/1959.14/95472,https://multisearch.mq.edu.au/permalink/61MACQUARIE_INST/1c87tk9/alma99245209330102171,KIN Photo 13,JPEG 2000 Image (18)
Sidetrack Theatre Collection,81284603340002171,99245209330202171,Woman Photo 6,No,http://hdl.handle.net/1959.14/97568,https://multisearch.mq.edu.au/permalink/61MACQUARIE_INST/1c87tk9/alma99245209330202171,Woman Photo 6,JPEG 2000 Image
Sidetrack Theatre Collection,81284603340002171,99245209330302171,Sawung Photo 11,No,http://hdl.handle.net/1959.14/96495,https://multisearch.mq.edu.au/permalink/61MACQUARIE_INST/1c87tk9/alma99245209330302171,Sawung Photo 11,JPEG 2000 Image
Sidetrack Theatre Collection,81284603340002171,99245209330502171,Out From Under Article SideT,No,http://hdl.handle.net/1959.14/94615,https://multisearch.mq.edu.au/permalink/61MACQUARIE_INST/1c87tk9/alma99245209330502171,Out From Under Article SideT,Article (1)
Sidetrack Theatre Collection,81284603340002171,99245209330602171,Sawung Photo 3,No,http://hdl.handle.net/1959.14/96436,https://multisearch.mq.edu.au/permalink/61MACQUARIE_INST/1c87tk9/alma99245209330602171,Sawung Photo 3,JPEG 2000 Image
Sidetrack Theatre Collection,81284603340002171,99245209330702171,Heaven Slide 2,No,http://hdl.handle.net/1959.14/94745,https://multisearch.mq.edu.au/permalink/61MACQUARIE_INST/1c87tk9/alma99245209330702171,Heaven Slide 2,JPEG 2000 Image (17)
Sidetrack Theatre Collection,81284603340002171,99245209330802171,Woman Sidetrack Release,No,http://hdl.handle.net/1959.14/97515,https://multisearch.mq.edu.au/permalink/61MACQUARIE_INST/1c87tk9/alma99245209330802171,Woman Sidetrack Release,Text
Sidetrack Theatre Collection,81284603340002171,99245209330902171,Sawung Review 2,No,http://hdl.handle.net/1959.14/96424,https://multisearch.mq.edu.au/permalink/61MACQUARIE_INST/1c87tk9/alma99245209330902171,Sawung Review 2,Sawung_Review2.eps
Sidetrack Theatre Collection,81284603340002171,99245209331002171,Woman Review 6,No,http://hdl.handle.net/1959.14/97491,https://multisearch.mq.edu.au/permalink/61MACQUARIE_INST/1c87tk9/alma99245209331002171,Woman Review 6,Woman_Review7.eps
Sidetrack Theatre Collection,81284603340002171,99245209331102171,Measure Slide 11,No,http://hdl.handle.net/1959.14/96235,https://multisearch.mq.edu.au/permalink/61MACQUARIE_INST/1c87tk9/alma99245209331102171,Measure Slide 11,Measure Slide 11
Sidetrack Theatre Collection,81284603340002171,99245209331202171,Drunken Benefit Poster,No,http://hdl.handle.net/1959.14/95749,https://multisearch.mq.edu.au/permalink/61MACQUARIE_INST/1c87tk9/alma99245209331202171,Drunken Benefit Poster,Other
Sidetrack Theatre Collection,81284603340002171,99245209331302171,Idol Program,No,http://hdl.handle.net/1959.14/94447,https://multisearch.mq.edu.au/permalink/61MACQUARIE_INST/1c87tk9/alma99245209331302171,Idol Program,Idol Program
Sidetrack Theatre Collection,81284603340002171,99245209331502171,Heaven Press Release,No,http://hdl.handle.net/1959.14/99820,https://multisearch.mq.edu.au/permalink/61MACQUARIE_INST/1c87tk9/alma99245209331502171,Heaven Press Release,Other
Sidetrack Theatre Collection,81284603340002171,99245209331602171,Refugee PublicitySheet,No,http://hdl.handle.net/1959.14/94643,https://multisearch.mq.edu.au/permalink/61MACQUARIE_INST/1c87tk9/alma99245209331602171,Refugee PublicitySheet,Refugee Publicity Sheet
Sidetrack Theatre Collection,81284603340002171,99245209331802171,BookKeeper_Flyer,No,http://hdl.handle.net/1959.14/100395,https://multisearch.mq.edu.au/permalink/61MACQUARIE_INST/1c87tk9/alma99245209331802171,BookKeeper_Flyer,Other
Sidetrack Theatre Collection,81284603340002171,99245209331902171,Idol Review 9,No,http://hdl.handle.net/1959.14/94500,https://multisearch.mq.edu.au/permalink/61MACQUARIE_INST/1c87tk9/alma99245209331902171,Idol Review 9,Idol_Review9.eps
Sidetrack Theatre Collection,81284603340002171,99245209332002171,Mesh 1980 7,No,http://hdl.handle.net/1959.14/94027,https://multisearch.mq.edu.au/permalink/61MACQUARIE_INST/1c87tk9/alma99245209332002171,Mesh 1980 7,JPEG 2000 Image
Sidetrack Theatre Collection,81284603340002171,99245209332102171,Heaven B5 Invite,No,http://hdl.handle.net/1959.14/99817,https://multisearch.mq.edu.au/permalink/61MACQUARIE_INST/1c87tk9/alma99245209332102171,Heaven B5 Invite,Other
Sidetrack Theatre Collection,81284603340002171,99245209332302171,Out From Under 6,No,http://hdl.handle.net/1959.14/94596,https://multisearch.mq.edu.au/permalink/61MACQUARIE_INST/1c87tk9/alma99245209332302171,Out From Under 6,JPEG 2000 Image
Sidetrack Theatre Collection,81284603340002171,99245209332402171,DownUnder 320x240 Edit Adaptation,No,http://hdl.handle.net/1959.14/48653,https://multisearch.mq.edu.au/permalink/61MACQUARIE_INST/1c87tk9/alma99245209332402171,DownUnder 320x240 Edit Adaptation,Quicktime Video
Sidetrack Theatre Collection,81284603340002171,99245209332502171,Mesh 1980 Flyer,No,http://hdl.handle.net/1959.14/93922,https://multisearch.mq.edu.au/permalink/61MACQUARIE_INST/1c87tk9/alma99245209332502171,Mesh 1980 Flyer,Flyer
Sidetrack Theatre Collection,81284603340002171,99245209332602171,Adios Cha Cha Promotional Sheet,No,http://hdl.handle.net/1959.14/15581,https://multisearch.mq.edu.au/permalink/61MACQUARIE_INST/1c87tk9/alma99245209332602171,Adios Cha Cha Promotional Sheet,Promotional sheet
Sidetrack Theatre Collection,81284603340002171,99245209332702171,DownUnder Edit Adaptation,No,http://hdl.handle.net/1959.14/69050,https://multisearch.mq.edu.au/permalink/61MACQUARIE_INST/1c87tk9/alma99245209332702171,DownUnder Edit Adaptation,Quicktime Video (2)
Sidetrack Theatre Collection,81284603340002171,99245209332802171,Measure Slide 15,No,http://hdl.handle.net/1959.14/96273,https://multisearch.mq.edu.au/permalink/61MACQUARIE_INST/1c87tk9/alma99245209332802171,Measure Slide 15,JPEG 2000 Image
Sidetrack Theatre Collection,81284603340002171,99245209332902171,KIN Article,No,http://hdl.handle.net/1959.14/94937,https://multisearch.mq.edu.au/permalink/61MACQUARIE_INST/1c87tk9/alma99245209332902171,KIN Article,Review (8)
Sidetrack Theatre Collection,81284603340002171,99245209333002171,Heaven Slide 14,No,http://hdl.handle.net/1959.14/94834,https://multisearch.mq.edu.au/permalink/61MACQUARIE_INST/1c87tk9/alma99245209333002171,Heaven Slide 14,JPEG 2000 Image
Sidetrack Theatre Collection,81284603340002171,99245209333102171,Measure Slide 25,No,http://hdl.handle.net/1959.14/96340,https://multisearch.mq.edu.au/permalink/61MACQUARIE_INST/1c87tk9/alma99245209333102171,Measure Slide 25,JPEG 2000 Image
Sidetrack Theatre Collection,81284603340002171,99245209333302171,Measure Photo 7,No,http://hdl.handle.net/1959.14/96133,https://multisearch.mq.edu.au/permalink/61MACQUARIE_INST/1c87tk9/alma99245209333302171,Measure Photo 7,JPEG 2000 Image
Sidetrack Theatre Collection,81284603340002171,99245209333402171,Whispers Review 1,No,http://hdl.handle.net/1959.14/95223,https://multisearch.mq.edu.au/permalink/61MACQUARIE_INST/1c87tk9/alma99245209333402171,Whispers Review 1,Review (7)
Sidetrack Theatre Collection,81284603340002171,99245209333502171,Measure Info Pack,No,http://hdl.handle.net/1959.14/96041,https://multisearch.mq.edu.au/permalink/61MACQUARIE_INST/1c87tk9/alma99245209333502171,Measure Info Pack,Other
Sidetrack Theatre Collection,81284603340002171,99245209333602171,Heaven Slide 9,No,http://hdl.handle.net/1959.14/94804,https://multisearch.mq.edu.au/permalink/61MACQUARIE_INST/1c87tk9/alma99245209333602171,Heaven Slide 9,JPEG 2000 Image (16)
Sidetrack Theatre Collection,81284603340002171,99245209333702171,Measure Photo 3,No,http://hdl.handle.net/1959.14/96103,https://multisearch.mq.edu.au/permalink/61MACQUARIE_INST/1c87tk9/alma99245209333702171,Measure Photo 3,JPEG 2000 Image
Sidetrack Theatre Collection,81284603340002171,99245209333902171,Idol Review 4,No,http://hdl.handle.net/1959.14/94474,https://multisearch.mq.edu.au/permalink/61MACQUARIE_INST/1c87tk9/alma99245209333902171,Idol Review 4,Idol_Review4.eps
Sidetrack Theatre Collection,81284603340002171,99245209334002171,Sawung Photo 8,No,http://hdl.handle.net/1959.14/96468,https://multisearch.mq.edu.au/permalink/61MACQUARIE_INST/1c87tk9/alma99245209334002171,Sawung Photo 8,JPEG 2000 Image
Sidetrack Theatre Collection,81284603340002171,99245209334102171,BookKeeper_Cast,No,http://hdl.handle.net/1959.14/100383,https://multisearch.mq.edu.au/permalink/61MACQUARIE_INST/1c87tk9/alma99245209334102171,BookKeeper_Cast,BookKeeper_Cast
Sidetrack Theatre Collection,81284603340002171,99245209334302171,Out From Under Review,No,http://hdl.handle.net/1959.14/94552,https://multisearch.mq.edu.au/permalink/61MACQUARIE_INST/1c87tk9/alma99245209334302171,Out From Under Review,Review (6)
Sidetrack Theatre Collection,81284603340002171,99245209334402171,Woman Enmore Program,No,http://hdl.handle.net/1959.14/97444,https://multisearch.mq.edu.au/permalink/61MACQUARIE_INST/1c87tk9/alma99245209334402171,Woman Enmore Program,Other
Sidetrack Theatre Collection,81284603340002171,99245209334502171,KIN Teachers Pack,No,http://hdl.handle.net/1959.14/94958,https://multisearch.mq.edu.au/permalink/61MACQUARIE_INST/1c87tk9/alma99245209334502171,KIN Teachers Pack,Other
Sidetrack Theatre Collection,81284603340002171,99245209334602171,Mesh 1982 Tour 13,No,http://hdl.handle.net/1959.14/94327,https://multisearch.mq.edu.au/permalink/61MACQUARIE_INST/1c87tk9/alma99245209334602171,Mesh 1982 Tour 13,JPEG 2000 Image
Sidetrack Theatre Collection,81284603340002171,99245209334702171,Measure Review,No,http://hdl.handle.net/1959.14/96068,https://multisearch.mq.edu.au/permalink/61MACQUARIE_INST/1c87tk9/alma99245209334702171,Measure Review,Measure_Review1.eps
Sidetrack Theatre Collection,81284603340002171,99245209334802171,Woman Review 7,No,http://hdl.handle.net/1959.14/97494,https://multisearch.mq.edu.au/permalink/61MACQUARIE_INST/1c87tk9/alma99245209334802171,Woman Review 7,Woman_Review8.eps
Sidetrack Theatre Collection,81284603340002171,99245209334902171,Heaven Slide 16,No,http://hdl.handle.net/1959.14/94849,https://multisearch.mq.edu.au/permalink/61MACQUARIE_INST/1c87tk9/alma99245209334902171,Heaven Slide 16,JPEG 2000 Image
Sidetrack Theatre Collection,81284603340002171,99245209335002171,Measure Slide 24,No,http://hdl.handle.net/1959.14/96337,https://multisearch.mq.edu.au/permalink/61MACQUARIE_INST/1c87tk9/alma99245209335002171,Measure Slide 24,JPEG 2000 Image
Sidetrack Theatre Collection,81284603340002171,99245209335202171,Woman Review 8,No,http://hdl.handle.net/1959.14/97474,https://multisearch.mq.edu.au/permalink/61MACQUARIE_INST/1c87tk9/alma99245209335202171,Woman Review 8,Woman_Review9.eps
Sidetrack Theatre Collection,81284603340002171,99245209335302171,Drunken Return Program,No,http://hdl.handle.net/1959.14/95807,https://multisearch.mq.edu.au/permalink/61MACQUARIE_INST/1c87tk9/alma99245209335302171,Drunken Return Program,Other
Sidetrack Theatre Collection,81284603340002171,99245209335402171,Woman Photo 16,No,http://hdl.handle.net/1959.14/97659,https://multisearch.mq.edu.au/permalink/61MACQUARIE_INST/1c87tk9/alma99245209335402171,Woman Photo 16,Woman Photo 16
Sidetrack Theatre Collection,81284603340002171,99245209335502171,Heaven 9,No,http://hdl.handle.net/1959.14/100368,https://multisearch.mq.edu.au/permalink/61MACQUARIE_INST/1c87tk9/alma99245209335502171,Heaven 9,JPEG 2000 Image
Sidetrack Theatre Collection,81284603340002171,99245209335602171,Idol Review 6,No,http://hdl.handle.net/1959.14/94480,https://multisearch.mq.edu.au/permalink/61MACQUARIE_INST/1c87tk9/alma99245209335602171,Idol Review 6,Idol_Review6.eps
Sidetrack Theatre Collection,81284603340002171,99245209335802171,KIN Review 2,No,http://hdl.handle.net/1959.14/100166,https://multisearch.mq.edu.au/permalink/61MACQUARIE_INST/1c87tk9/alma99245209335802171,KIN Review 2,Kin_Review2.eps
Sidetrack Theatre Collection,81284603340002171,99245209335902171,Heaven Slide 10,No,http://hdl.handle.net/1959.14/94807,https://multisearch.mq.edu.au/permalink/61MACQUARIE_INST/1c87tk9/alma99245209335902171,Heaven Slide 10,JPEG 2000 Image
Sidetrack Theatre Collection,81284603340002171,99245209336002171,Loco 6,No,http://hdl.handle.net/1959.14/93834,https://multisearch.mq.edu.au/permalink/61MACQUARIE_INST/1c87tk9/alma99245209336002171,Loco 6,Loco 6
Sidetrack Theatre Collection,81284603340002171,99245209336102171,DownUnder Review,No,http://hdl.handle.net/1959.14/88804,https://multisearch.mq.edu.au/permalink/61MACQUARIE_INST/1c87tk9/alma99245209336102171,DownUnder Review,DownUnder_ReviwBulletin
Sidetrack Theatre Collection,81284603340002171,99245209336402171,Heaven_Welcome,No,http://hdl.handle.net/1959.14/100346,https://multisearch.mq.edu.au/permalink/61MACQUARIE_INST/1c87tk9/alma99245209336402171,Heaven_Welcome,Other
Sidetrack Theatre Collection,81284603340002171,99245209336502171,Idol Teachers Kit,No,http://hdl.handle.net/1959.14/94509,https://multisearch.mq.edu.au/permalink/61MACQUARIE_INST/1c87tk9/alma99245209336502171,Idol Teachers Kit,Teachers Kit
Sidetrack Theatre Collection,81284603340002171,99245209336602171,Mesh 1982 Tour 3,No,http://hdl.handle.net/1959.14/94058,https://multisearch.mq.edu.au/permalink/61MACQUARIE_INST/1c87tk9/alma99245209336602171,Mesh 1982 Tour 3,JPEG 2000 Image
Sidetrack Theatre Collection,81284603340002171,99245209336702171,FXDownUnder Review 2,No,http://hdl.handle.net/1959.14/93694,https://multisearch.mq.edu.au/permalink/61MACQUARIE_INST/1c87tk9/alma99245209336702171,FXDownUnder Review 2,Review (5)
Sidetrack Theatre Collection,81284603340002171,99245209337002171,Idol Media Release,No,http://hdl.handle.net/1959.14/94441,https://multisearch.mq.edu.au/permalink/61MACQUARIE_INST/1c87tk9/alma99245209337002171,Idol Media Release,Other
Sidetrack Theatre Collection,81284603340002171,99245209337102171,KIN Photo 2,No,http://hdl.handle.net/1959.14/95403,https://multisearch.mq.edu.au/permalink/61MACQUARIE_INST/1c87tk9/alma99245209337102171,KIN Photo 2,JPEG 2000 Image
Sidetrack Theatre Collection,81284603340002171,99245209337202171,Mesh 1980 Poster,No,http://hdl.handle.net/1959.14/93925,https://multisearch.mq.edu.au/permalink/61MACQUARIE_INST/1c87tk9/alma99245209337202171,Mesh 1980 Poster,Mesh 1980 Poster
Sidetrack Theatre Collection,81284603340002171,99245209337502171,Loco Script,No,http://hdl.handle.net/1959.14/93774,https://multisearch.mq.edu.au/permalink/61MACQUARIE_INST/1c87tk9/alma99245209337502171,Loco Script,Text
Sidetrack Theatre Collection,81284603340002171,99245209337602171,Pessoptimist Review 4,No,http://hdl.handle.net/1959.14/97366,https://multisearch.mq.edu.au/permalink/61MACQUARIE_INST/1c87tk9/alma99245209337602171,Pessoptimist Review 4,Pessoptimist_Review4.eps
Sidetrack Theatre Collection,81284603340002171,99245209337702171,KIN Review 1,No,http://hdl.handle.net/1959.14/94916,https://multisearch.mq.edu.au/permalink/61MACQUARIE_INST/1c87tk9/alma99245209337702171,KIN Review 1,Review (4)
Sidetrack Theatre Collection,81284603340002171,99245209337802171,Sawung Photo 10,No,http://hdl.handle.net/1959.14/96474,https://multisearch.mq.edu.au/permalink/61MACQUARIE_INST/1c87tk9/alma99245209337802171,Sawung Photo 10,JPEG 2000 Image
Sidetrack Theatre Collection,81284603340002171,99245209337902171,Adios Cha Cha Trade Union News Bulletin,No,http://hdl.handle.net/1959.14/15643,https://multisearch.mq.edu.au/permalink/61MACQUARIE_INST/1c87tk9/alma99245209337902171,Adios Cha Cha Trade Union News Bulletin,Bulletin
Sidetrack Theatre Collection,81284603340002171,99245209338102171,Measure Slide 7,No,http://hdl.handle.net/1959.14/96197,https://multisearch.mq.edu.au/permalink/61MACQUARIE_INST/1c87tk9/alma99245209338102171,Measure Slide 7,JPEG 2000 Image
Sidetrack Theatre Collection,81284603340002171,99245209338202171,Drunken Interview,No,http://hdl.handle.net/1959.14/95761,https://multisearch.mq.edu.au/permalink/61MACQUARIE_INST/1c87tk9/alma99245209338202171,Drunken Interview,Text (2)
Sidetrack Theatre Collection,81284603340002171,99245209338302171,Woman Article,No,http://hdl.handle.net/1959.14/97471,https://multisearch.mq.edu.au/permalink/61MACQUARIE_INST/1c87tk9/alma99245209338302171,Woman Article,Woman_Review4.eps (1)
Sidetrack Theatre Collection,81284603340002171,99245209338402171,Pessoptimist Act 1 320x240Edit,No,http://hdl.handle.net/1959.14/100537,https://multisearch.mq.edu.au/permalink/61MACQUARIE_INST/1c87tk9/alma99245209338402171,Pessoptimist Act 1 320x240Edit,Quicktime Video
Sidetrack Theatre Collection,81284603340002171,99245209338502171,DownUnder Broadsheet,No,http://hdl.handle.net/1959.14/48669,https://multisearch.mq.edu.au/permalink/61MACQUARIE_INST/1c87tk9/alma99245209338502171,DownUnder Broadsheet,Image
Sidetrack Theatre Collection,81284603340002171,99245209338602171,Heaven 2,No,http://hdl.handle.net/1959.14/99790,https://multisearch.mq.edu.au/permalink/61MACQUARIE_INST/1c87tk9/alma99245209338602171,Heaven 2,Heaven 2
Sidetrack Theatre Collection,81284603340002171,99245209338802171,Mesh 1982 Tour 14,No,http://hdl.handle.net/1959.14/94330,https://multisearch.mq.edu.au/permalink/61MACQUARIE_INST/1c87tk9/alma99245209338802171,Mesh 1982 Tour 14,JPEG 2000 Image
Sidetrack Theatre Collection,81284603340002171,99245209339102171,Woman Review 5,No,http://hdl.handle.net/1959.14/97479 http://www.ausstage.edu.au/indexdrilldown.jsp?xcid=59&f_item_cat_id=39148,https://multisearch.mq.edu.au/permalink/61MACQUARIE_INST/1c87tk9/alma99245209339102171,Woman Review 5,Woman_Review6.eps
Sidetrack Theatre Collection,81284603340002171,99245209339202171,Woman Photo 21,No,http://hdl.handle.net/1959.14/97677,https://multisearch.mq.edu.au/permalink/61MACQUARIE_INST/1c87tk9/alma99245209339202171,Woman Photo 21,Woman Photo 21
Sidetrack Theatre Collection,81284603340002171,99245209339302171,Loco 2,No,http://hdl.handle.net/1959.14/93795,https://multisearch.mq.edu.au/permalink/61MACQUARIE_INST/1c87tk9/alma99245209339302171,Loco 2,JPEG 2000 Image
Sidetrack Theatre Collection,81284603340002171,99245209339402171,DownUnder 6,No,http://hdl.handle.net/1959.14/93458,https://multisearch.mq.edu.au/permalink/61MACQUARIE_INST/1c87tk9/alma99245209339402171,DownUnder 6,JPEG 2000 Image
Sidetrack Theatre Collection,81284603340002171,99245209339602171,Idol Review 1,No,http://hdl.handle.net/1959.14/94450,https://multisearch.mq.edu.au/permalink/61MACQUARIE_INST/1c87tk9/alma99245209339602171,Idol Review 1,Idol_Review1.eps
Sidetrack Theatre Collection,81284603340002171,99245209339702171,Pessoptimist Review 6,No,http://hdl.handle.net/1959.14/97386,https://multisearch.mq.edu.au/permalink/61MACQUARIE_INST/1c87tk9/alma99245209339702171,Pessoptimist Review 6,Pessoptimist_Review6.eps
Sidetrack Theatre Collection,81284603340002171,99245209339802171,Out From Under 7,No,http://hdl.handle.net/1959.14/94599,https://multisearch.mq.edu.au/permalink/61MACQUARIE_INST/1c87tk9/alma99245209339802171,Out From Under 7,Out From Under 7
Sidetrack Theatre Collection,81284603340002171,99245209339902171,Measure Slide 8,No,http://hdl.handle.net/1959.14/96226,https://multisearch.mq.edu.au/permalink/61MACQUARIE_INST/1c87tk9/alma99245209339902171,Measure Slide 8,JPEG 2000 Image
Sidetrack Theatre Collection,81284603340002171,99245209340002171,Refugee Program,No,http://hdl.handle.net/1959.14/94628,https://multisearch.mq.edu.au/permalink/61MACQUARIE_INST/1c87tk9/alma99245209340002171,Refugee Program,Program
Sidetrack Theatre Collection,81284603340002171,99245209340202171,Refugee Review1,No,http://hdl.handle.net/1959.14/94655,https://multisearch.mq.edu.au/permalink/61MACQUARIE_INST/1c87tk9/alma99245209340202171,Refugee Review1,Review (3)
Sidetrack Theatre Collection,81284603340002171,99245209340402171,Loco 10,No,http://hdl.handle.net/1959.14/93849,https://multisearch.mq.edu.au/permalink/61MACQUARIE_INST/1c87tk9/alma99245209340402171,Loco 10,JPEG 2000 Image
Sidetrack Theatre Collection,81284603340002171,99245209340502171,Measure Slide 21,No,http://hdl.handle.net/1959.14/96328,https://multisearch.mq.edu.au/permalink/61MACQUARIE_INST/1c87tk9/alma99245209340502171,Measure Slide 21,Measure Slide 21
Sidetrack Theatre Collection,81284603340002171,99245209340602171,Mesh 1982 Tour 8,No,http://hdl.handle.net/1959.14/94286,https://multisearch.mq.edu.au/permalink/61MACQUARIE_INST/1c87tk9/alma99245209340602171,Mesh 1982 Tour 8,Mesh 1982 Tour 8
Sidetrack Theatre Collection,81284603340002171,99245209340802171,Woman Review 1,No,http://hdl.handle.net/1959.14/97447,https://multisearch.mq.edu.au/permalink/61MACQUARIE_INST/1c87tk9/alma99245209340802171,Woman Review 1,Woman_Review1.eps
Sidetrack Theatre Collection,81284603340002171,99245209341002171,Woman Photo 22,No,http://hdl.handle.net/1959.14/97707,https://multisearch.mq.edu.au/permalink/61MACQUARIE_INST/1c87tk9/alma99245209341002171,Woman Photo 22,JPEG 2000 Image
Sidetrack Theatre Collection,81284603340002171,99245209341102171,Loco Broadsheet,No,http://hdl.handle.net/1959.14/93762,https://multisearch.mq.edu.au/permalink/61MACQUARIE_INST/1c87tk9/alma99245209341102171,Loco Broadsheet,Loco Broadsheet
Sidetrack Theatre Collection,81284603340002171,99245209341202171,Mesh Arts CouncilFlyer,No,http://hdl.handle.net/1959.14/93928,https://multisearch.mq.edu.au/permalink/61MACQUARIE_INST/1c87tk9/alma99245209341202171,Mesh Arts CouncilFlyer,Flyer
Sidetrack Theatre Collection,81284603340002171,99245209341302171,Idol Review 3,No,http://hdl.handle.net/1959.14/94456,https://multisearch.mq.edu.au/permalink/61MACQUARIE_INST/1c87tk9/alma99245209341302171,Idol Review 3,Idol_Review3.eps
Sidetrack Theatre Collection,81284603340002171,99245209341402171,Heaven Review 3,No,http://hdl.handle.net/1959.14/94679,https://multisearch.mq.edu.au/permalink/61MACQUARIE_INST/1c87tk9/alma99245209341402171,Heaven Review 3,Heaven_Review3.eps (1)
Sidetrack Theatre Collection,81284603340002171,99245209341502171,Heaven Review 6,No,http://hdl.handle.net/1959.14/94700,https://multisearch.mq.edu.au/permalink/61MACQUARIE_INST/1c87tk9/alma99245209341502171,Heaven Review 6,Heaven_Review6.eps
Sidetrack Theatre Collection,81284603340002171,99245209341602171,DownUnder 11,No,http://hdl.handle.net/1959.14/93488,https://multisearch.mq.edu.au/permalink/61MACQUARIE_INST/1c87tk9/alma99245209341602171,DownUnder 11,JPEG 2000 Image
Sidetrack Theatre Collection,81284603340002171,99245209341802171,Heaven Slide 13,No,http://hdl.handle.net/1959.14/94831,https://multisearch.mq.edu.au/permalink/61MACQUARIE_INST/1c87tk9/alma99245209341802171,Heaven Slide 13,JPEG 2000 Image
Sidetrack Theatre Collection,81284603340002171,99245209341902171,Measure Slide 2,No,http://hdl.handle.net/1959.14/96176,https://multisearch.mq.edu.au/permalink/61MACQUARIE_INST/1c87tk9/alma99245209341902171,Measure Slide 2,Measure Slide 2
Sidetrack Theatre Collection,81284603340002171,99245209342002171,Heaven Article 1,No,http://hdl.handle.net/1959.14/94706,https://multisearch.mq.edu.au/permalink/61MACQUARIE_INST/1c87tk9/alma99245209342002171,Heaven Article 1,Heaven_Review3.eps
Sidetrack Theatre Collection,81284603340002171,99245209342202171,Adios Cha Cha 5,No,http://hdl.handle.net/1959.14/12623,https://multisearch.mq.edu.au/permalink/61MACQUARIE_INST/1c87tk9/alma99245209342202171,Adios Cha Cha 5,Adios Cha Cha 5
Sidetrack Theatre Collection,81284603340002171,99245209342302171,Heaven Review 2,No,http://hdl.handle.net/1959.14/94658,https://multisearch.mq.edu.au/permalink/61MACQUARIE_INST/1c87tk9/alma99245209342302171,Heaven Review 2,Heaven_Review2.eps
Sidetrack Theatre Collection,81284603340002171,99245209342402171,KIN Photo 15,No,http://hdl.handle.net/1959.14/95486,https://multisearch.mq.edu.au/permalink/61MACQUARIE_INST/1c87tk9/alma99245209342402171,KIN Photo 15,JPEG 2000 Image
Sidetrack Theatre Collection,81284603340002171,99245209342502171,Mesh StoryOutline,No,http://hdl.handle.net/1959.14/93979,https://multisearch.mq.edu.au/permalink/61MACQUARIE_INST/1c87tk9/alma99245209342502171,Mesh StoryOutline,Text
Sidetrack Theatre Collection,81284603340002171,99245209342602171,Out From Under Article,No,http://hdl.handle.net/1959.14/94612,https://multisearch.mq.edu.au/permalink/61MACQUARIE_INST/1c87tk9/alma99245209342602171,Out From Under Article,Article
Sidetrack Theatre Collection,81284603340002171,99245209342702171,Sawung Review 1,No,http://hdl.handle.net/1959.14/96410,https://multisearch.mq.edu.au/permalink/61MACQUARIE_INST/1c87tk9/alma99245209342702171,Sawung Review 1,Sawung_Review1.eps
Sidetrack Theatre Collection,81284603340002171,99245209342802171,Heaven Slide 1,No,http://hdl.handle.net/1959.14/94734,https://multisearch.mq.edu.au/permalink/61MACQUARIE_INST/1c87tk9/alma99245209342802171,Heaven Slide 1,Heaven Slide 1
Sidetrack Theatre Collection,81284603340002171,99245209342902171,Pessoptimist Review 2,No,http://hdl.handle.net/1959.14/97360,https://multisearch.mq.edu.au/permalink/61MACQUARIE_INST/1c87tk9/alma99245209342902171,Pessoptimist Review 2,Pessoptimist_Review2.eps
Sidetrack Theatre Collection,81284603340002171,99245209343102171,KIN Promo,No,http://hdl.handle.net/1959.14/94913,https://multisearch.mq.edu.au/permalink/61MACQUARIE_INST/1c87tk9/alma99245209343102171,KIN Promo,Review (2)
Sidetrack Theatre Collection,81284603340002171,99245209343202171,FXDownUnder Photo 3,No,http://hdl.handle.net/1959.14/93721,https://multisearch.mq.edu.au/permalink/61MACQUARIE_INST/1c87tk9/alma99245209343202171,FXDownUnder Photo 3,JPEG 2000 Image
Sidetrack Theatre Collection,81284603340002171,99245209343302171,Woman Enmore Flyer,No,http://hdl.handle.net/1959.14/97410,https://multisearch.mq.edu.au/permalink/61MACQUARIE_INST/1c87tk9/alma99245209343302171,Woman Enmore Flyer,Flyer
Sidetrack Theatre Collection,81284603340002171,99245209343402171,Sawung Photo 6,No,http://hdl.handle.net/1959.14/96462,https://multisearch.mq.edu.au/permalink/61MACQUARIE_INST/1c87tk9/alma99245209343402171,Sawung Photo 6,Sawung Photo 6
Sidetrack Theatre Collection,81284603340002171,99245209343602171,Woman Review 4,No,http://hdl.handle.net/1959.14/100176,https://multisearch.mq.edu.au/permalink/61MACQUARIE_INST/1c87tk9/alma99245209343602171,Woman Review 4,Woman_Review4.eps
Sidetrack Theatre Collection,81284603340002171,99245209343802171,Whispers Songs,No,http://hdl.handle.net/1959.14/95265,https://multisearch.mq.edu.au/permalink/61MACQUARIE_INST/1c87tk9/alma99245209343802171,Whispers Songs,Music Sheet
Sidetrack Theatre Collection,81284603340002171,99245209343902171,Heaven 7,No,http://hdl.handle.net/1959.14/100362,https://multisearch.mq.edu.au/permalink/61MACQUARIE_INST/1c87tk9/alma99245209343902171,Heaven 7,JPEG 2000 Image
Sidetrack Theatre Collection,81284603340002171,99245209344002171,Mesh 1982 Tour 5,No,http://hdl.handle.net/1959.14/94065,https://multisearch.mq.edu.au/permalink/61MACQUARIE_INST/1c87tk9/alma99245209344002171,Mesh 1982 Tour 5,JPEG 2000 Image
Sidetrack Theatre Collection,81284603340002171,99245209344202171,Refugee Review2,No,http://hdl.handle.net/1959.14/94661,https://multisearch.mq.edu.au/permalink/61MACQUARIE_INST/1c87tk9/alma99245209344202171,Refugee Review2,Review (1)
Sidetrack Theatre Collection,81284603340002171,99245209344402171,Mesh 1982 Tour 10,No,http://hdl.handle.net/1959.14/94305,https://multisearch.mq.edu.au/permalink/61MACQUARIE_INST/1c87tk9/alma99245209344402171,Mesh 1982 Tour 10,JPEG 2000 Image
Sidetrack Theatre Collection,81284603340002171,99245209344502171,Woman Photo 26,No,http://hdl.handle.net/1959.14/97722,https://multisearch.mq.edu.au/permalink/61MACQUARIE_INST/1c87tk9/alma99245209344502171,Woman Photo 26,JPEG 2000 Image
Sidetrack Theatre Collection,81284603340002171,99245209344602171,Woman Photo 25,No,http://hdl.handle.net/1959.14/97719,https://multisearch.mq.edu.au/permalink/61MACQUARIE_INST/1c87tk9/alma99245209344602171,Woman Photo 25,Woman Photo 25
Sidetrack Theatre Collection,81284603340002171,99245209344802171,Heaven Slide 6,No,http://hdl.handle.net/1959.14/94778,https://multisearch.mq.edu.au/permalink/61MACQUARIE_INST/1c87tk9/alma99245209344802171,Heaven Slide 6,JPEG 2000 Image (54)
Sidetrack Theatre Collection,81284603340002171,99245209344902171,Out From Under 1,No,http://hdl.handle.net/1959.14/94566,https://multisearch.mq.edu.au/permalink/61MACQUARIE_INST/1c87tk9/alma99245209344902171,Out From Under 1,JPEG 2000 Image
Sidetrack Theatre Collection,81284603340002171,99245209345002171,Heaven Review 7,No,http://hdl.handle.net/1959.14/94703,https://multisearch.mq.edu.au/permalink/61MACQUARIE_INST/1c87tk9/alma99245209345002171,Heaven Review 7,Heaven_Review7.eps
Sidetrack Theatre Collection,81284603340002171,99245209345102171,DownUnder ResourcePack,No,http://hdl.handle.net/1959.14/93739,https://multisearch.mq.edu.au/permalink/61MACQUARIE_INST/1c87tk9/alma99245209345102171,DownUnder ResourcePack,
Sidetrack Theatre Collection,81284603340002171,99245209345202171,Measure Slide 10,No,http://hdl.handle.net/1959.14/96232,https://multisearch.mq.edu.au/permalink/61MACQUARIE_INST/1c87tk9/alma99245209345202171,Measure Slide 10,JPEG 2000 Image
Sidetrack Theatre Collection,81284603340002171,99245209345302171,Heaven Article 2,No,http://hdl.handle.net/1959.14/94714,https://multisearch.mq.edu.au/permalink/61MACQUARIE_INST/1c87tk9/alma99245209345302171,Heaven Article 2,Heaven_Article2.eps
Sidetrack Theatre Collection,81284603340002171,99245209345502171,Measure Slide 14,No,http://hdl.handle.net/1959.14/96270,https://multisearch.mq.edu.au/permalink/61MACQUARIE_INST/1c87tk9/alma99245209345502171,Measure Slide 14,JPEG 2000 Image
Sidetrack Theatre Collection,81284603340002171,99245209345602171,KIN Review 5,No,http://hdl.handle.net/1959.14/100171,https://multisearch.mq.edu.au/permalink/61MACQUARIE_INST/1c87tk9/alma99245209345602171,KIN Review 5,Kin_Review7.eps
Sidetrack Theatre Collection,81284603340002171,99245209345802171,BookKeeper_1,No,http://hdl.handle.net/1959.14/100386,https://multisearch.mq.edu.au/permalink/61MACQUARIE_INST/1c87tk9/alma99245209345802171,BookKeeper_1,BookKeeper_1
Sidetrack Theatre Collection,81284603340002171,99245209345902171,KIN Photo 1,No,http://hdl.handle.net/1959.14/95357,https://multisearch.mq.edu.au/permalink/61MACQUARIE_INST/1c87tk9/alma99245209345902171,KIN Photo 1,JPEG 2000 Image
Sidetrack Theatre Collection,81284603340002171,99245209346002171,Heaven_InfoSheet,No,http://hdl.handle.net/1959.14/100353,https://multisearch.mq.edu.au/permalink/61MACQUARIE_INST/1c87tk9/alma99245209346002171,Heaven_InfoSheet,Other
